path,lines,loops,read_bytes_calls
.github/scripts/check-built-artifacts.py,90,3,0
.github/scripts/check-forbidden-artifacts.py,42,1,0
.github/scripts/mcpb-ci.py,822,10,0
.github/scripts/mcpb_process_owner.py,818,4,0
.github/scripts/windows_collection_ci.py,279,0,0
codesitter_inaugural.py,8,0,0
demo/demo_script.py,207,1,0
examples/agent_cookbook.py,69,1,0
examples/python/shorts_workflow.py,138,0,0
examples/repurpose_current_tools_demo.py,143,2,0
kinocut/__init__.py,116,0,0
kinocut/__main__.py,253,2,0
kinocut/_mcpb_observation.py,82,0,0
kinocut/aesthetic/__init__.py,205,3,0
kinocut/aesthetic/smart_thumbnail.py,154,2,0
kinocut/ai_engine/__init__.py,327,1,0
kinocut/ai_engine/_longform_merge.py,137,3,0
kinocut/ai_engine/_longform_models.py,116,0,0
kinocut/ai_engine/_longform_planning.py,170,2,0
kinocut/ai_engine/_longform_runtime.py,73,1,0
kinocut/ai_engine/_longform_validation.py,94,0,0
kinocut/ai_engine/color.py,235,0,0
kinocut/ai_engine/download.py,469,8,0
kinocut/ai_engine/scene.py,165,2,0
kinocut/ai_engine/silence.py,341,3,0
kinocut/ai_engine/spatial.py,313,3,0
kinocut/ai_engine/stem.py,167,1,0
kinocut/ai_engine/transcribe.py,306,3,0
kinocut/ai_engine/transcribe_longform.py,156,3,0
kinocut/ai_engine/upscale.py,482,3,0
kinocut/aivideo/__init__.py,18,0,0
kinocut/aivideo/benchmark.py,122,2,0
kinocut/aivideo/editorial.py,192,3,0
kinocut/aivideo/graphics_recipe.py,533,3,0
kinocut/aivideo/graphics_recipe_checks.py,383,3,0
kinocut/aivideo/ingest.py,44,0,0
kinocut/aivideo/inspection/__init__.py,1,0,0
kinocut/aivideo/inspection/manifest.py,180,0,1
kinocut/aivideo/inspection/motion_strip.py,97,1,0
kinocut/aivideo/inspection/providers.py,354,1,0
kinocut/aivideo/inspection/samplers.py,257,1,0
kinocut/aivideo/inspection/temporal_checks.py,594,7,0
kinocut/aivideo/learning/__init__.py,35,0,0
kinocut/aivideo/learning/advice.py,124,1,0
kinocut/aivideo/learning/cost.py,72,1,0
kinocut/aivideo/learning/outcomes.py,53,1,0
kinocut/aivideo/learning/project_recipes.py,175,1,0
kinocut/aivideo/learning/recipes.py,38,1,0
kinocut/aivideo/learning/report.py,57,0,0
kinocut/aivideo/preflight.py,359,0,1
kinocut/aivideo/protection.py,296,2,0
kinocut/aivideo/release_surfaces.py,110,0,0
kinocut/aivideo/review.py,226,0,0
kinocut/aivideo/salvage.py,503,0,0
kinocut/aivideo/salvage_checks.py,290,0,0
kinocut/aivideo/salvage_lineage.py,259,1,0
kinocut/aivideo/salvage_render.py,157,0,0
kinocut/aivideo/subtitle_qa.py,758,8,0
kinocut/aivideo/subtitle_qa_validation.py,95,2,0
kinocut/aivideo/surfaces.py,348,1,1
kinocut/aivideo/verdict.py,327,4,0
kinocut/aivideo/voice_seam.py,736,1,0
kinocut/aivideo/wave3_surfaces.py,340,2,0
kinocut/audio_bed_validation.py,100,2,0
kinocut/audio_engine/__init__.py,128,0,0
kinocut/audio_engine/_legacy_core.py,649,30,0
kinocut/audio_engine/audition.py,338,2,0
kinocut/audio_engine/core.py,787,17,0
kinocut/audio_engine/integrations/__init__.py,7,0,0
kinocut/audio_engine/integrations/basic_pitch_bridge.py,103,0,0
kinocut/audio_engine/integrations/librosa_bridge.py,145,0,0
kinocut/audio_engine/integrations/meltysynth_bridge.py,161,1,0
kinocut/audio_engine/integrations/soundfile_bridge.py,132,0,0
kinocut/audio_engine/presets.py,288,0,0
kinocut/audio_engine/sequencing.py,653,10,0
kinocut/audio_engine/synthesis.py,404,0,0
kinocut/audio_guardrails.py,60,0,0
kinocut/c2pa.py,175,0,0
kinocut/capability_report.py,97,1,0
kinocut/cli/__init__.py,1,0,0
kinocut/cli/common.py,77,0,0
kinocut/cli/formatting.py,819,25,0
kinocut/cli/handlers_advanced.py,118,0,0
kinocut/cli/handlers_ai.py,138,0,0
kinocut/cli/handlers_aivideo.py,52,0,0
kinocut/cli/handlers_audio.py,176,0,0
kinocut/cli/handlers_composition.py,163,0,0
kinocut/cli/handlers_core.py,333,0,0
kinocut/cli/handlers_effects.py,122,0,0
kinocut/cli/handlers_hyperframes.py,298,0,0
kinocut/cli/handlers_image.py,157,0,0
kinocut/cli/handlers_inspection.py,41,0,0
kinocut/cli/handlers_intent.py,266,0,0
kinocut/cli/handlers_media.py,375,1,0
kinocut/cli/handlers_postrescue.py,41,1,0
kinocut/cli/handlers_release.py,49,0,0
kinocut/cli/handlers_rescue.py,51,0,0
kinocut/cli/handlers_revideo.py,78,0,0
kinocut/cli/handlers_shorts.py,81,0,0
kinocut/cli/handlers_sound.py,128,0,0
kinocut/cli/handlers_transitions.py,79,0,0
kinocut/cli/handlers_workflow.py,60,0,0
kinocut/cli/namespaces.py,79,1,0
kinocut/cli/parser/__init__.py,91,0,0
kinocut/cli/parser/advanced.py,110,0,0
kinocut/cli/parser/ai.py,100,0,0
kinocut/cli/parser/aivideo.py,44,0,0
kinocut/cli/parser/audio.py,185,0,0
kinocut/cli/parser/core.py,132,0,0
kinocut/cli/parser/effects.py,277,0,0
kinocut/cli/parser/hyperframes.py,219,0,0
kinocut/cli/parser/image.py,109,0,0
kinocut/cli/parser/inspection.py,27,0,0
kinocut/cli/parser/intent.py,115,0,0
kinocut/cli/parser/layout.py,109,0,0
kinocut/cli/parser/media.py,135,0,0
kinocut/cli/parser/postrescue.py,25,1,0
kinocut/cli/parser/quality.py,73,0,0
kinocut/cli/parser/release.py,40,0,0
kinocut/cli/parser/rescue.py,48,0,0
kinocut/cli/parser/revideo.py,31,0,0
kinocut/cli/parser/shorts.py,48,0,0
kinocut/cli/parser/sound.py,59,0,0
kinocut/cli/parser/workflow.py,52,0,0
kinocut/cli/rescue_formatting.py,119,2,0
kinocut/cli/runner.py,134,0,0
kinocut/client/__init__.py,55,0,0
kinocut/client/ai.py,150,0,0
kinocut/client/aivideo.py,71,0,0
kinocut/client/audio.py,225,1,0
kinocut/client/base.py,266,4,0
kinocut/client/contracts.py,396,0,0
kinocut/client/effects.py,399,0,0
kinocut/client/hyperframes.py,319,0,0
kinocut/client/image.py,121,0,0
kinocut/client/inspection.py,48,0,0
kinocut/client/media.py,803,1,0
kinocut/client/meta.py,22,0,0
kinocut/client/postrescue.py,58,0,0
kinocut/client/quality.py,116,0,0
kinocut/client/release.py,59,0,0
kinocut/client/rescue.py,49,0,0
kinocut/client/revideo.py,64,0,0
kinocut/client/shorts.py,80,0,0
kinocut/client/sound.py,77,0,0
kinocut/client/sphere.py,29,0,0
kinocut/client/workflow.py,182,0,0
kinocut/contracts/__init__.py,132,0,0
kinocut/contracts/_common.py,145,0,0
kinocut/contracts/_errors.py,35,0,0
kinocut/contracts/_paths.py,42,0,0
kinocut/contracts/acceptance.py,75,0,0
kinocut/contracts/adapter.py,61,1,0
kinocut/contracts/asset.py,101,0,0
kinocut/contracts/audio_bed.py,129,2,0
kinocut/contracts/capability.py,158,1,0
kinocut/contracts/defect.py,111,0,0
kinocut/contracts/editorial.py,116,1,0
kinocut/contracts/learning.py,93,0,0
kinocut/contracts/protection.py,56,0,0
kinocut/contracts/receipt_ai_video.py,147,1,0
kinocut/contracts/registry.py,171,1,0
kinocut/contracts/review.py,298,5,0
kinocut/contracts/trusted_execution.py,261,0,0
kinocut/contracts/verdict.py,72,0,0
kinocut/creation_engine.py,208,3,0
kinocut/creation_templates/__init__.py,1,0,0
kinocut/creative/__init__.py,110,0,0
kinocut/creative/autopilot.py,214,3,0
kinocut/creative/autopilot_models.py,97,0,0
kinocut/creative/compiler.py,92,3,0
kinocut/creative/composition.py,217,5,0
kinocut/creative/composition_models.py,237,2,0
kinocut/creative/errors.py,12,0,0
kinocut/creative/manifest.py,169,5,0
kinocut/creative/models.py,213,1,0
kinocut/creative/preview.py,90,0,0
kinocut/creative/verification_models.py,74,0,0
kinocut/creative/verifier.py,213,1,0
kinocut/defaults.py,224,0,0
kinocut/design_guardrails.py,571,7,0
kinocut/design_quality/__init__.py,74,0,0
kinocut/design_quality/guardrails/__init__.py,7,0,0
kinocut/design_quality/guardrails/analysis.py,374,5,0
kinocut/design_quality/guardrails/checks.py,435,2,0
kinocut/design_quality/guardrails/core.py,149,1,0
kinocut/design_quality/guardrails/fixes.py,110,0,0
kinocut/design_quality/guardrails/probe.py,99,1,0
kinocut/design_quality/guardrails/scoring.py,254,3,0
kinocut/design_quality/models.py,165,4,0
kinocut/doctor.py,691,1,0
kinocut/effects_engine/__init__.py,19,0,0
kinocut/effects_engine/core.py,334,0,0
kinocut/effects_engine/layout.py,282,4,0
kinocut/effects_engine/mograph.py,250,3,0
kinocut/effects_engine/text.py,730,9,0
kinocut/effects_engine/utility.py,208,4,0
kinocut/engine.py,112,0,0
kinocut/engine_advanced_mask.py,143,0,0
kinocut/engine_audio_bed.py,731,1,0
kinocut/engine_audio_bed_filters.py,96,1,0
kinocut/engine_audio_normalize.py,210,2,0
kinocut/engine_audio_ops.py,397,1,0
kinocut/engine_audio_waveform.py,158,5,0
kinocut/engine_batch.py,204,1,0
kinocut/engine_body_swap.py,648,6,0
kinocut/engine_chroma_key.py,87,0,0
kinocut/engine_compare_quality.py,143,2,0
kinocut/engine_composite_layers.py,798,5,1
kinocut/engine_composite_layers_blend.py,124,0,0
kinocut/engine_composite_layers_effects.py,167,2,0
kinocut/engine_composite_layers_rotate.py,151,0,0
kinocut/engine_composite_layers_source.py,104,0,0
kinocut/engine_convert.py,358,0,0
kinocut/engine_crop.py,101,0,0
kinocut/engine_detect_scenes.py,110,2,0
kinocut/engine_edit.py,140,0,0
kinocut/engine_export.py,58,0,0
kinocut/engine_extract_audio.py,52,0,0
kinocut/engine_fade.py,67,0,0
kinocut/engine_filters.py,238,4,0
kinocut/engine_frames.py,76,0,0
kinocut/engine_glitch.py,641,2,0
kinocut/engine_glitch_shader.py,482,0,0
kinocut/engine_hls.py,137,2,0
kinocut/engine_images.py,144,2,0
kinocut/engine_mask.py,85,0,0
kinocut/engine_merge.py,369,7,0
kinocut/engine_metadata.py,107,4,0
kinocut/engine_overlay.py,181,2,0
kinocut/engine_preview.py,48,0,0
kinocut/engine_probe.py,231,2,0
kinocut/engine_repurpose.py,212,2,0
kinocut/engine_resize.py,92,0,0
kinocut/engine_reverse.py,62,0,0
kinocut/engine_rotate.py,71,0,0
kinocut/engine_runtime_utils.py,265,4,0
kinocut/engine_speed.py,95,2,0
kinocut/engine_split_screen.py,129,0,0
kinocut/engine_stabilize.py,118,0,0
kinocut/engine_storyboard.py,121,4,0
kinocut/engine_subtitle_generate.py,174,2,0
kinocut/engine_subtitles.py,162,0,0
kinocut/engine_text.py,341,7,0
kinocut/engine_thumbnail.py,83,0,0
kinocut/engine_timeline.py,451,13,0
kinocut/engine_transcode.py,21,0,0
kinocut/engine_watermark.py,78,0,0
kinocut/errors.py,435,3,0
kinocut/ffmpeg_helpers.py,756,5,0
kinocut/filter_guardrails.py,50,2,0
kinocut/font_manager.py,97,0,0
kinocut/hyperframes_engine.py,686,13,0
kinocut/hyperframes_models.py,118,0,0
kinocut/hyperframes_ops.py,714,6,0
kinocut/hyperframes_ops_helpers.py,292,0,0
kinocut/image_engine.py,376,3,0
kinocut/image_models.py,51,0,0
kinocut/intent/__init__.py,21,0,0
kinocut/intent/broll.py,93,2,0
kinocut/intent/caption_translate.py,127,3,0
kinocut/intent/language_coverage.py,65,1,0
kinocut/intent/router.py,79,1,0
kinocut/intent/verbs.py,72,0,0
kinocut/limits.py,99,0,0
kinocut/merge_guardrails.py,69,1,0
kinocut/models.py,528,3,0
kinocut/multipliers/__init__.py,19,0,0
kinocut/multipliers/generative.py,150,0,0
kinocut/multipliers/otio_io.py,241,9,0
kinocut/multipliers/review_ui.py,65,0,0
kinocut/multipliers/tts_dub.py,91,1,0
kinocut/next_action.py,48,0,0
kinocut/object_matte/__init__.py,11,0,0
kinocut/object_matte/api.py,274,1,0
kinocut/object_matte/encode.py,54,0,0
kinocut/object_matte/equipment.py,92,0,0
kinocut/object_matte/infer.py,49,0,0
kinocut/object_matte/media.py,277,3,0
kinocut/object_matte/runtime.py,64,0,0
kinocut/object_matte/temporal.py,36,2,0
kinocut/object_matte/weights.py,104,2,0
kinocut/paths.py,28,0,0
kinocut/postrescue.py,232,0,1
kinocut/product/__init__.py,50,0,0
kinocut/product/captions.py,411,8,0
kinocut/product/clip_pipeline.py,207,2,0
kinocut/product/config.py,262,1,0
kinocut/product/highlight_discovery.py,322,5,0
kinocut/product/models.py,209,0,0
kinocut/product/package.py,283,2,0
kinocut/product/package_models.py,175,0,0
kinocut/product/selection_evidence.py,74,1,0
kinocut/product/shorts_package.py,156,1,0
kinocut/product/shorts_plan.py,293,2,0
kinocut/product/shorts_render.py,317,5,0
kinocut/product/shorts_review.py,229,1,0
kinocut/projectstore/__init__.py,141,0,0
kinocut/projectstore/_filelock.py,130,1,0
kinocut/projectstore/_migrations.py,98,1,0
kinocut/projectstore/artifacts.py,51,0,1
kinocut/projectstore/cas.py,93,2,0
kinocut/projectstore/cas_derived.py,85,0,0
kinocut/projectstore/cas_gc.py,159,11,0
kinocut/projectstore/compat.py,503,7,0
kinocut/projectstore/disfluency_cuts.py,158,2,0
kinocut/projectstore/edit_projects.py,371,5,1
kinocut/projectstore/event_retention.py,86,0,1
kinocut/projectstore/events.py,317,4,0
kinocut/projectstore/ingest.py,265,1,0
kinocut/projectstore/layout.py,163,0,0
kinocut/projectstore/render_jobs.py,425,4,1
kinocut/projectstore/render_runner.py,156,1,0
kinocut/projectstore/repurpose.py,135,1,0
kinocut/projectstore/semantic_indexes.py,184,0,1
kinocut/projectstore/store.py,686,10,0
kinocut/quality_guardrail_checks.py,109,0,0
kinocut/quality_guardrail_types.py,40,0,0
kinocut/quality_guardrails.py,820,9,0
kinocut/receipts_ai_video.py,52,0,0
kinocut/registry/__init__.py,49,0,0
kinocut/registry/_duplicate.py,70,1,0
kinocut/registry/_lineage.py,184,9,0
kinocut/registry/_query.py,235,1,0
kinocut/registry/_store.py,150,3,0
kinocut/remote/__init__.py,85,0,0
kinocut/remote/adapters.py,159,0,0
kinocut/remote/api.py,193,0,0
kinocut/remote/contracts.py,312,0,0
kinocut/remote/jobs.py,375,0,0
kinocut/render_dag/__init__.py,55,0,0
kinocut/render_dag/compiler.py,316,6,0
kinocut/render_dag/schema.py,246,3,0
kinocut/render_dag/validation.py,266,12,0
kinocut/rescue/__init__.py,54,0,0
kinocut/rescue/_errors.py,47,0,0
kinocut/rescue/analyzer.py,391,1,0
kinocut/rescue/capabilities.py,98,2,0
kinocut/rescue/inspector.py,136,1,0
kinocut/rescue/models.py,419,2,0
kinocut/rescue/operations.py,163,1,0
kinocut/rescue/planner.py,228,1,0
kinocut/rescue/policy.py,100,0,0
kinocut/rescue/r1/__init__.py,38,0,0
kinocut/rescue/r1/capabilities.py,27,0,0
kinocut/rescue/r1/models.py,156,0,0
kinocut/rescue/r1/policy_registry.py,122,1,0
kinocut/rescue/r1/preview_diff.py,32,0,0
kinocut/rescue/r1/verifier_registry.py,45,1,0
kinocut/rescue/renderer.py,718,6,0
kinocut/rescue/verifier.py,338,4,0
kinocut/restorative/__init__.py,62,0,0
kinocut/restorative/api.py,74,0,0
kinocut/restorative/contracts.py,217,0,0
kinocut/restorative/evaluators.py,313,0,0
kinocut/restorative/evidence.py,102,0,0
kinocut/revideo_engine.py,691,4,3
kinocut/revideo_models.py,47,0,0
kinocut/semantic/__init__.py,17,0,0
kinocut/semantic/disfluency.py,202,3,0
kinocut/semantic/edl.py,601,8,0
kinocut/semantic/generators.py,223,5,0
kinocut/semantic/index.py,240,1,0
kinocut/semantic/models.py,427,1,0
kinocut/semantic/timeline.py,92,0,0
kinocut/server.py,178,0,0
kinocut/server_app.py,166,0,0
kinocut/server_facade_exports.py,59,0,0
kinocut/server_resources.py,78,1,0
kinocut/server_tools_advanced.py,652,2,0
kinocut/server_tools_ai.py,337,0,0
kinocut/server_tools_aivideo.py,84,0,0
kinocut/server_tools_audio.py,463,4,0
kinocut/server_tools_basic.py,579,3,0
kinocut/server_tools_creation.py,61,0,0
kinocut/server_tools_effects.py,688,1,0
kinocut/server_tools_glitch.py,374,0,0
kinocut/server_tools_glitch_shader.py,184,0,0
kinocut/server_tools_guardrails.py,91,1,0
kinocut/server_tools_hyperframes.py,522,0,0
kinocut/server_tools_image.py,240,0,0
kinocut/server_tools_inspection.py,60,0,0
kinocut/server_tools_intent.py,694,0,0
kinocut/server_tools_media.py,610,0,0
kinocut/server_tools_postrescue.py,74,0,0
kinocut/server_tools_release.py,95,0,0
kinocut/server_tools_repurpose.py,57,0,0
kinocut/server_tools_rescue.py,61,0,0
kinocut/server_tools_revideo.py,73,0,0
kinocut/server_tools_shorts.py,91,0,0
kinocut/server_tools_sound.py,109,0,0
kinocut/server_tools_workflow.py,163,0,0
kinocut/sound_joins/__init__.py,65,0,0
kinocut/sound_joins/benchmark.py,210,0,0
kinocut/sound_joins/d41_bind.py,167,0,1
kinocut/sound_joins/d42_bind.py,180,0,1
kinocut/sound_joins/scheduler.py,113,5,0
kinocut/source_identity.py,221,5,0
kinocut/still_plates/__init__.py,17,0,0
kinocut/still_plates/edit.py,141,0,0
kinocut/still_plates/gate.py,130,4,0
kinocut/still_plates/grade.py,180,1,0
kinocut/still_plates/io.py,119,1,0
kinocut/still_plates/match.py,129,1,0
kinocut/still_plates/package.py,130,1,0
kinocut/still_plates/stats.py,109,1,0
kinocut/subtitles_common.py,178,3,0
kinocut/subtitles_eof.py,253,5,0
kinocut/te/__init__.py,63,0,0
kinocut/te/audiogram.py,29,0,0
kinocut/te/brand_kit.py,54,0,0
kinocut/te/constraint_solve.py,59,0,0
kinocut/te/cost_oracle.py,61,0,0
kinocut/te/cutfile.py,94,2,0
kinocut/te/cutfile_render.py,298,2,0
kinocut/te/edit_session.py,118,0,0
kinocut/te/edl_apply.py,103,3,0
kinocut/te/goal_cutfile.py,76,0,0
kinocut/te/hooks.py,55,0,0
kinocut/te/init_project.py,47,1,0
kinocut/te/publish_connectors.py,101,0,0
kinocut/te/punch_zoom.py,41,1,0
kinocut/te/receipt_diff.py,69,2,0
kinocut/te/seek.py,32,0,0
kinocut/te/sphere_assembly.py,129,1,0
kinocut/te/sphere_director.py,140,0,0
kinocut/te/sphere_filters.py,23,1,0
kinocut/te/sphere_graph.py,112,1,0
kinocut/te/sphere_plan.py,284,4,0
kinocut/te/sphere_probe.py,134,2,0
kinocut/te/sphere_render.py,83,0,0
kinocut/te/sphere_storyboard.py,114,3,0
kinocut/te/timeline_view.py,64,3,0
kinocut/templates.py,321,5,0
kinocut/timeline_ir/__init__.py,31,0,0
kinocut/timeline_ir/compiler.py,84,1,0
kinocut/timeline_ir/schema.py,160,2,0
kinocut/transitions_engine.py,252,0,0
kinocut/validation.py,599,0,0
kinocut/visual_intelligence/__init__.py,58,0,0
kinocut/visual_intelligence/analysis.py,192,4,0
kinocut/visual_intelligence/models.py,399,0,0
kinocut/visual_intelligence/reframe.py,238,1,0
kinocut/visual_intelligence/reframe_render.py,88,2,0
kinocut/visual_intelligence/stabilization.py,142,0,0
kinocut/visual_intelligence/verification.py,173,0,0
kinocut/watching/__init__.py,24,0,0
kinocut/watching/metrics.py,194,0,0
kinocut/watching/mutations.py,83,1,0
kinocut/watching/narrative_qc.py,64,0,0
kinocut/watching/review.py,114,0,0
kinocut/watching/vision_qc.py,141,1,0
kinocut/winners_bundle.py,684,18,0
kinocut/workflow/__init__.py,48,0,0
kinocut/workflow/_errors.py,77,0,0
kinocut/workflow/_versions.py,48,0,0
kinocut/workflow/composite.py,288,6,0
kinocut/workflow/executor.py,797,7,2
kinocut/workflow/inspector.py,301,2,1
kinocut/workflow/ops.py,264,4,0
kinocut/workflow/planner.py,245,5,1
kinocut/workflow/receipt.py,391,4,0
kinocut/workflow/spec.py,115,1,1
kinocut/workflow/validator.py,319,3,0
kinocut/workflow/variants.py,184,5,0
kinocut_sound/__init__.py,741,0,0
kinocut_sound/_assembly_integrity.py,33,0,0
kinocut_sound/_canonical.py,165,0,0
kinocut_sound/_errors.py,58,0,0
kinocut_sound/_input_bounds.py,80,0,0
kinocut_sound/_model_boundary.py,42,0,0
kinocut_sound/_process_ownership.py,22,1,0
kinocut_sound/_script_integrity.py,80,6,0
kinocut_sound/_script_resource_limits.py,84,1,0
kinocut_sound/_timeline_identity.py,32,0,0
kinocut_sound/authorization.py,783,11,0
kinocut_sound/authorization_privacy.py,25,0,0
kinocut_sound/capability.py,167,1,0
kinocut_sound/captions.py,23,1,0
kinocut_sound/consent.py,213,3,0
kinocut_sound/defaults.py,132,0,0
kinocut_sound/delivery.py,169,2,0
kinocut_sound/episode_assembly.py,439,5,0
kinocut_sound/format.py,117,1,0
kinocut_sound/limits.py,195,0,0
kinocut_sound/lines.py,140,0,0
kinocut_sound/mix/__init__.py,63,0,0
kinocut_sound/mix/_errors.py,28,0,0
kinocut_sound/mix/_wav.py,135,2,0
kinocut_sound/mix/automated_routing.py,86,6,0
kinocut_sound/mix/automation.py,127,4,0
kinocut_sound/mix/bus_buffers.py,22,0,0
kinocut_sound/mix/bus_sends.py,133,6,0
kinocut_sound/mix/bus_sidechains.py,90,1,0
kinocut_sound/mix/crossfade.py,42,2,0
kinocut_sound/mix/ducking.py,62,2,0
kinocut_sound/mix/latency.py,32,0,0
kinocut_sound/mix/layer_ducking.py,101,2,0
kinocut_sound/mix/layer_work.py,20,1,0
kinocut_sound/mix/layers.py,112,4,0
kinocut_sound/mix/pcm_ops.py,29,3,0
kinocut_sound/mix/placement.py,106,1,0
kinocut_sound/mix/renderer.py,270,2,0
kinocut_sound/mix/routing_protocol.py,15,0,0
kinocut_sound/mix/seam.py,23,0,0
kinocut_sound/mix/sent_routing.py,39,0,0
kinocut_sound/mix/sidechain_routing.py,49,0,0
kinocut_sound/mix/silence.py,31,0,0
kinocut_sound/mix/source_windows.py,65,1,0
kinocut_sound/mix/static_routing.py,112,3,0
kinocut_sound/mix/stems.py,71,2,0
kinocut_sound/mix/transitions.py,105,1,0
kinocut_sound/post/__init__.py,126,0,0
kinocut_sound/post/_errors.py,80,0,0
kinocut_sound/post/_fixtures.py,475,6,0
kinocut_sound/post/_subprocess.py,201,0,0
kinocut_sound/post/batch.py,136,4,0
kinocut_sound/post/chain.py,211,1,0
kinocut_sound/post/deess.py,143,0,0
kinocut_sound/post/denoise.py,214,0,0
kinocut_sound/post/dynamics.py,167,0,0
kinocut_sound/post/eq.py,181,0,0
kinocut_sound/post/loudness.py,173,0,0
kinocut_sound/post/spatial.py,423,0,0
kinocut_sound/provider_policy.py,673,2,0
kinocut_sound/public/__init__.py,39,0,0
kinocut_sound/public/adapters.py,310,1,0
kinocut_sound/public/asr_bundle.py,56,0,0
kinocut_sound/public/asr_compare.py,89,3,0
kinocut_sound/public/asr_job.py,211,3,1
kinocut_sound/public/asr_request.py,67,0,0
kinocut_sound/public/asr_runtime.py,83,1,0
kinocut_sound/public/asr_worker.py,65,1,0
kinocut_sound/public/discovery.py,61,0,0
kinocut_sound/public/dub_bundle.py,165,2,0
kinocut_sound/public/dub_job.py,177,2,0
kinocut_sound/public/dub_process.py,108,0,0
kinocut_sound/public/dub_request.py,124,2,0
kinocut_sound/public/dub_spatial.py,184,0,0
kinocut_sound/public/loudness_request.py,89,0,0
kinocut_sound/public/master_bundle.py,122,2,0
kinocut_sound/public/master_job.py,171,0,0
kinocut_sound/public/master_render.py,103,0,0
kinocut_sound/public/master_request.py,75,0,0
kinocut_sound/public/mix_automation_receipt.py,38,2,0
kinocut_sound/public/mix_automation_request.py,26,1,0
kinocut_sound/public/mix_conversion_backend.py,144,0,0
kinocut_sound/public/mix_conversion_job.py,76,1,0
kinocut_sound/public/mix_conversion_manifest.py,191,3,0
kinocut_sound/public/mix_conversion_prepare.py,218,4,0
kinocut_sound/public/mix_conversion_proof.py,77,1,0
kinocut_sound/public/mix_conversion_shape.py,109,1,0
kinocut_sound/public/mix_conversion_sources.py,27,0,0
kinocut_sound/public/mix_files.py,117,1,0
kinocut_sound/public/mix_job.py,240,4,0
kinocut_sound/public/mix_layer_ducking.py,87,0,0
kinocut_sound/public/mix_layer_receipt.py,53,1,0
kinocut_sound/public/mix_process.py,119,5,0
kinocut_sound/public/mix_process_async.py,113,4,0
kinocut_sound/public/mix_process_output.py,25,0,0
kinocut_sound/public/mix_request.py,247,2,0
kinocut_sound/public/mix_request_v2.py,138,5,0
kinocut_sound/public/mix_request_v3.py,85,2,0
kinocut_sound/public/mix_request_v4.py,20,0,0
kinocut_sound/public/mix_routing_receipt.py,60,1,0
kinocut_sound/public/mix_send_request.py,63,2,0
kinocut_sound/public/mix_sidechain_request.py,40,3,0
kinocut_sound/public/mix_source_shapes.py,26,1,0
kinocut_sound/public/mix_window_receipt.py,20,0,0
kinocut_sound/public/mix_worker.py,199,4,0
kinocut_sound/qa/__init__.py,39,0,0
kinocut_sound/qa/_errors.py,19,0,0
kinocut_sound/qa/artifact.py,29,1,0
kinocut_sound/qa/loudness.py,41,0,0
kinocut_sound/qa/metadata.py,54,0,0
kinocut_sound/qa/meter.py,115,0,0
kinocut_sound/qa/meter_process.py,142,4,0
kinocut_sound/qa/season.py,30,0,0
kinocut_sound/receipt.py,281,4,0
kinocut_sound/registry.py,312,1,0
kinocut_sound/render_fingerprint.py,131,1,0
kinocut_sound/routing.py,256,5,0
kinocut_sound/s3_cache.py,393,1,0
kinocut_sound/s3_fingerprint.py,269,2,0
kinocut_sound/script_parser.py,795,11,0
kinocut_sound/sound_config.py,258,2,0
kinocut_sound/sound_plan.py,178,2,0
kinocut_sound/timeline.py,151,1,0
kinocut_sound/validation.py,84,0,0
kinocut_sound/voice/__init__.py,184,0,0
kinocut_sound/voice/_errors.py,84,1,0
kinocut_sound/voice/batch.py,491,1,0
kinocut_sound/voice/blend.py,340,3,0
kinocut_sound/voice/clone.py,213,0,0
kinocut_sound/voice/local_adapter.py,609,3,0
kinocut_sound/voice/pronunciation.py,225,2,0
kinocut_sound/voice/prosody.py,233,0,0
kinocut_sound/voice/roster.py,469,1,0
kinocut_sound/voice_consistency/__init__.py,106,0,0
kinocut_sound/voice_consistency/_errors.py,67,1,0
kinocut_sound/voice_consistency/ab_reel.py,70,0,0
kinocut_sound/voice_consistency/d42_port.py,235,0,0
kinocut_sound/voice_consistency/distinctiveness.py,194,5,0
kinocut_sound/voice_consistency/drift.py,169,3,0
kinocut_sound/voice_consistency/library.py,140,1,0
kinocut_sound/voice_consistency/metrics.py,121,0,0
kinocut_sound/voice_consistency/profile.py,62,0,0
kinocut_sound/voice_consistency/regeneration.py,115,4,0
kinocut_sound/world/__init__.py,169,0,0
kinocut_sound/world/_errors.py,48,0,0
kinocut_sound/world/audition.py,151,1,0
kinocut_sound/world/catalog.py,206,2,0
kinocut_sound/world/d41_port.py,309,0,0
kinocut_sound/world/foley.py,182,2,0
kinocut_sound/world/layers.py,223,1,0
kinocut_sound/world/license.py,133,0,0
kinocut_sound/world/loop.py,199,2,0
kinocut_sound/world/presets.py,293,3,0
manual/comprehensive_media_audit.py,441,6,0
manual/real_video_manual.py,203,4,0
mcp_video.py,91,3,0
scripts/apply_public_release_cutover.py,232,1,0
scripts/audit_scores.py,300,7,0
scripts/build-mcpb.py,199,7,0
scripts/ci_scope.py,45,1,0
scripts/collect_usage_metrics.py,127,2,0
scripts/forgejo_sync.py,603,6,0
scripts/generate_golden_pack.py,223,3,0
scripts/github-pr-monitor.py,182,6,0
scripts/golden_path.py,268,2,0
scripts/golden_path_timings.py,267,2,0
scripts/kinocut-pending.py,278,3,0
scripts/make_g004_fixtures.py,109,2,0
scripts/mcpb/__init__.py,1,0,0
scripts/mcpb/defaults.py,12,0,0
scripts/mcpb/errors.py,5,0,0
scripts/mcpb/manifest.py,39,0,0
scripts/mcpb/model.py,265,4,0
scripts/mcpb/supply_chain.py,502,12,0
scripts/mcpb_production_pack.py,261,5,0
scripts/repo-readiness-audit.py,350,18,0
scripts/secret_scan.py,307,11,1
scripts/verify_onboarding_release.py,690,8,0
scripts/verify_published_claims_live.py,116,1,0
tests/__init__.py,0,0,0
tests/conftest.py,377,0,0
tests/contracts_fixtures.py,283,0,0
tests/public_surface_inventory.py,358,0,0
tests/registry_fixtures.py,109,0,0
tests/rescue_fixtures.py,153,0,0
tests/sound_numeric_cases.py,217,0,0
tests/subtitle_capture.py,76,0,3
tests/subtitle_render_test_support.py,175,5,0
tests/test_add_audio_duration_policy.py,281,0,0
tests/test_add_audio_surfaces.py,196,0,0
tests/test_adversarial_audit.py,421,0,0
tests/test_agent_output.py,30,0,0
tests/test_ai_features.py,2246,1,0
tests/test_ai_silence.py,296,1,6
tests/test_aivideo_benchmark.py,57,0,0
tests/test_aivideo_ingest.py,171,0,3
tests/test_aivideo_ingest_metadata.py,259,0,0
tests/test_aivideo_preflight.py,566,0,4
tests/test_aivideo_protection.py,413,0,0
tests/test_aivideo_salvage.py,1107,0,3
tests/test_aivideo_verdict.py,207,0,0
tests/test_apply_public_release_cutover.py,56,0,0
tests/test_architecture_guardrails.py,256,14,0
tests/test_audio_bed.py,630,6,0
tests/test_audio_bed_surfaces.py,125,2,0
tests/test_audio_fades.py,156,1,1
tests/test_audio_guardrails.py,62,0,0
tests/test_audio_loudnorm.py,243,2,0
tests/test_audio_no_numpy_fallback.py,89,0,0
tests/test_audio_presets.py,86,0,0
tests/test_audio_sequencing.py,371,2,1
tests/test_audition.py,145,1,0
tests/test_basic_pitch_bridge.py,21,0,0
tests/test_body_swap.py,604,2,4
tests/test_c2pa_provenance.py,652,1,5
tests/test_capability_report.py,74,2,0
tests/test_captions_contracts.py,159,0,0
tests/test_captions_grouping.py,167,0,0
tests/test_captions_placement.py,175,0,0
tests/test_captions_styled_timing.py,159,1,0
tests/test_captions_word_timed.py,43,0,0
tests/test_ci_runner_contract.py,22,1,0
tests/test_cli.py,745,0,0
tests/test_cli_common.py,55,0,0
tests/test_cli_formatting.py,463,0,0
tests/test_cli_handlers.py,713,0,0
tests/test_cli_parsers.py,381,1,0
tests/test_client.py,715,7,0
tests/test_clip_pipeline.py,138,0,0
tests/test_contracts_acceptance.py,58,0,0
tests/test_contracts_adapter.py,97,0,0
tests/test_contracts_asset.py,63,1,0
tests/test_contracts_capability.py,251,3,0
tests/test_contracts_common.py,183,6,0
tests/test_contracts_defect.py,84,1,0
tests/test_contracts_learning.py,75,0,0
tests/test_contracts_protection.py,72,0,0
tests/test_contracts_review.py,124,0,0
tests/test_contracts_review_blockers.py,453,1,0
tests/test_contracts_trusted_execution.py,100,2,0
tests/test_contracts_verdict.py,77,2,0
tests/test_cost_ledger.py,80,0,0
tests/test_creation_engine.py,98,0,0
tests/test_creative_autopilot.py,178,0,0
tests/test_creative_composition.py,428,0,0
tests/test_creative_manifest.py,239,0,0
tests/test_design_guardrails.py,138,0,0
tests/test_design_quality_fallback.py,153,0,0
tests/test_doctor.py,472,0,0
tests/test_doctor_migrations.py,56,1,0
tests/test_e2e.py,201,1,0
tests/test_editorial.py,261,0,0
tests/test_effects_engine.py,271,0,0
tests/test_engine.py,775,1,0
tests/test_engine_advanced.py,1419,4,0
tests/test_engine_composite_layers.py,1128,2,0
tests/test_engine_composite_layers_effects.py,284,3,0
tests/test_engine_edge_cases.py,204,0,0
tests/test_engine_filters.py,209,1,0
tests/test_engine_glitch.py,446,0,0
tests/test_engine_overlay.py,34,0,0
tests/test_engine_progress_callbacks.py,102,0,0
tests/test_engine_trim_end.py,84,0,0
tests/test_errors.py,308,0,0
tests/test_ffmpeg_filter_path.py,97,1,0
tests/test_ffmpeg_helpers.py,292,0,0
tests/test_ffmpeg_runner_contract.py,74,0,0
tests/test_filter_guardrails.py,59,0,0
tests/test_finish_campaign.py,118,0,0
tests/test_forgejo_sync.py,647,2,0
tests/test_forgejo_workflows.py,97,0,0
tests/test_g004_and_mcpb_product.py,421,4,0
tests/test_g006_identity_acceptance_remediation.py,427,1,0
tests/test_golden_path.py,439,1,4
tests/test_graphics_recipe.py,843,9,2
tests/test_highlight_discovery_core.py,322,0,0
tests/test_highlight_discovery_enrichment.py,124,0,0
tests/test_hyperframes_client_contracts.py,43,1,0
tests/test_hyperframes_engine.py,1770,2,0
tests/test_image_engine.py,307,1,0
tests/test_inspection_manifest.py,225,0,3
tests/test_inspection_motion_strip.py,91,0,4
tests/test_inspection_providers.py,464,1,0
tests/test_inspection_samplers.py,137,1,1
tests/test_inspection_surfaces.py,484,4,0
tests/test_inspection_temporal_checks.py,525,0,2
tests/test_integrator_fixes.py,179,0,0
tests/test_intent_surface.py,99,0,0
tests/test_kinocut_distribution.py,418,3,2
tests/test_kinocut_sound_authorization.py,66,0,0
tests/test_kinocut_sound_authorization_audit.py,180,1,0
tests/test_kinocut_sound_authorization_hardening.py,312,3,0
tests/test_kinocut_sound_authorization_runtime.py,278,0,0
tests/test_kinocut_sound_authorization_strict.py,226,0,0
tests/test_kinocut_sound_benchmark_s14.py,122,0,0
tests/test_kinocut_sound_canonical.py,195,4,0
tests/test_kinocut_sound_capability.py,155,3,0
tests/test_kinocut_sound_centralization.py,455,17,0
tests/test_kinocut_sound_consent.py,172,4,0
tests/test_kinocut_sound_delivery.py,103,3,0
tests/test_kinocut_sound_episode_assembly.py,290,0,0
tests/test_kinocut_sound_episode_assembly_review.py,371,1,0
tests/test_kinocut_sound_format.py,109,2,0
tests/test_kinocut_sound_ingress_security_review.py,200,1,0
tests/test_kinocut_sound_integration.py,282,4,0
tests/test_kinocut_sound_joins_s13.py,138,1,0
tests/test_kinocut_sound_lines.py,101,9,0
tests/test_kinocut_sound_mix.py,221,0,0
tests/test_kinocut_sound_plan.py,226,7,0
tests/test_kinocut_sound_post_batch.py,173,0,0
tests/test_kinocut_sound_post_chain.py,174,0,0
tests/test_kinocut_sound_post_stages.py,297,0,0
tests/test_kinocut_sound_public.py,99,1,0
tests/test_kinocut_sound_qa.py,89,0,0
tests/test_kinocut_sound_receipt.py,374,7,0
tests/test_kinocut_sound_render_fingerprint.py,122,3,0
tests/test_kinocut_sound_routing.py,168,3,0
tests/test_kinocut_sound_s15_stop.py,58,1,0
tests/test_kinocut_sound_s3_final_review.py,266,5,0
tests/test_kinocut_sound_s3_hardening.py,329,2,0
tests/test_kinocut_sound_s3_policy.py,488,2,0
tests/test_kinocut_sound_s3_review.py,658,1,0
tests/test_kinocut_sound_script_limits.py,41,0,0
tests/test_kinocut_sound_script_parser.py,146,0,0
tests/test_kinocut_sound_script_parser_review.py,761,0,0
tests/test_kinocut_sound_timeline.py,126,4,0
tests/test_kinocut_sound_voice_batch.py,440,3,0
tests/test_kinocut_sound_voice_blend.py,490,0,0
tests/test_kinocut_sound_voice_clone.py,589,1,0
tests/test_kinocut_sound_voice_consistency.py,547,0,0
tests/test_kinocut_sound_voice_local_adapter.py,341,0,0
tests/test_kinocut_sound_voice_package.py,62,2,0
tests/test_kinocut_sound_voice_pronunciation.py,146,3,0
tests/test_kinocut_sound_voice_prosody.py,127,1,0
tests/test_kinocut_sound_voice_roster.py,173,2,0
tests/test_kinocut_sound_world_audition.py,115,1,0
tests/test_kinocut_sound_world_catalog.py,197,2,0
tests/test_kinocut_sound_world_d41_port.py,146,3,0
tests/test_kinocut_sound_world_determinism.py,184,10,0
tests/test_kinocut_sound_world_foley.py,152,0,0
tests/test_kinocut_sound_world_layers.py,140,0,0
tests/test_kinocut_sound_world_loop.py,140,0,0
tests/test_kinocut_sound_world_presets.py,109,3,0
tests/test_launch_remediation.py,173,1,0
tests/test_layout_guardrails.py,53,0,0
tests/test_lazy_package_import.py,86,0,0
tests/test_learning_advice.py,91,0,0
tests/test_learning_outcomes.py,84,0,0
tests/test_learning_recipe.py,60,0,0
tests/test_learning_report.py,71,0,0
tests/test_longform_foundation.py,159,1,0
tests/test_longform_merge.py,180,0,0
tests/test_longform_orchestrator.py,174,0,0
tests/test_longform_planning.py,218,3,0
tests/test_longform_runtime.py,103,0,0
tests/test_mcp_entry.py,120,0,0
tests/test_mcpb_cleanup_probe_phases.py,714,4,5
tests/test_mcpb_hosted_prerequisites.py,187,3,0
tests/test_mcpb_native_launcher.py,117,1,0
tests/test_mcpb_observation.py,207,0,0
tests/test_mcpb_staged_artifact.py,841,2,0
tests/test_mcpb_staged_launcher.py,496,3,0
tests/test_mcpb_supply_chain.py,487,4,10
tests/test_merge_guardrails.py,76,0,0
tests/test_misc_coverage.py,267,0,0
tests/test_models.py,241,2,0
tests/test_motion_guardrails.py,261,0,0
tests/test_namespace_routing.py,405,1,0
tests/test_namespaced_cli.py,32,2,0
tests/test_next_action.py,56,0,0
tests/test_object_matte_backend.py,430,0,0
tests/test_object_matte_doctor.py,100,0,0
tests/test_onboarding_release.py,435,2,0
tests/test_overlay_guardrails.py,58,0,0
tests/test_package_models.py,190,0,0
tests/test_package_writer.py,160,0,2
tests/test_paths.py,67,0,0
tests/test_pathsafety_convergence.py,258,1,0
tests/test_pending_gates_operator.py,92,0,0
tests/test_perf_regression.py,81,0,0
tests/test_phase3_watching_go.py,119,0,0
tests/test_phase4_multipliers_go.py,79,0,0
tests/test_post_rescue_api.py,170,0,0
tests/test_post_rescue_public_surface.py,53,0,0
tests/test_product_config.py,124,2,0
tests/test_product_finish.py,142,0,0
tests/test_product_models.py,146,0,0
tests/test_projectstore_cas.py,52,0,3
tests/test_projectstore_cas_derived.py,157,0,2
tests/test_projectstore_cas_gc.py,223,0,10
tests/test_projectstore_compat.py,578,12,0
tests/test_projectstore_disfluency_cuts.py,165,0,0
tests/test_projectstore_durable_repurpose.py,134,0,0
tests/test_projectstore_edit_projects.py,309,4,0
tests/test_projectstore_events.py,519,4,0
tests/test_projectstore_filelock.py,143,0,0
tests/test_projectstore_hardening.py,109,0,0
tests/test_projectstore_ingest.py,88,0,2
tests/test_projectstore_layout.py,70,0,0
tests/test_projectstore_migrations.py,171,0,0
tests/test_projectstore_project_recipes.py,100,0,0
tests/test_projectstore_render_jobs.py,265,1,2
tests/test_projectstore_render_runner.py,370,4,1
tests/test_projectstore_security.py,515,2,0
tests/test_projectstore_semantic_indexes.py,190,0,0
tests/test_projectstore_store.py,114,1,0
tests/test_projectstore_threat_model.py,26,1,0
tests/test_public_claims.py,396,7,0
tests/test_public_surface.py,569,10,0
tests/test_quality_guardrails.py,728,3,0
tests/test_r1_capabilities.py,34,0,0
tests/test_r1_intent_envelope.py,25,0,0
tests/test_r1_policy_registry.py,78,0,0
tests/test_r1_preview_diff.py,33,0,0
tests/test_r1_synthetic_extension.py,52,0,0
tests/test_r1_verifier_registry.py,25,0,0
tests/test_real_media.py,490,1,0
tests/test_receipt_ai_video.py,359,1,0
tests/test_receipt_backward_readers.py,261,3,0
tests/test_receipt_privacy.py,163,2,0
tests/test_red_team.py,466,0,0
tests/test_reframe_render_receipts.py,127,3,1
tests/test_registry_contracts.py,251,0,0
tests/test_registry_duplicate.py,77,0,0
tests/test_registry_lineage.py,169,0,0
tests/test_registry_query.py,514,12,0
tests/test_registry_store.py,444,4,0
tests/test_remote_adapters.py,306,0,0
tests/test_remote_egress.py,178,0,0
tests/test_remove_background_dispatcher.py,299,1,0
tests/test_render_dag_compiler.py,214,0,0
tests/test_render_dag_integration.py,362,0,3
tests/test_render_dag_limits.py,37,0,0
tests/test_render_dag_schema.py,277,0,0
tests/test_render_dag_validation.py,384,0,0
tests/test_render_record.py,49,0,0
tests/test_repurpose.py,54,1,0
tests/test_repurpose_skill_demo.py,106,4,0
tests/test_rescue_analyzer.py,61,1,0
tests/test_rescue_capabilities.py,55,0,0
tests/test_rescue_e2e.py,335,2,1
tests/test_rescue_e2e_collection.py,19,0,0
tests/test_rescue_fixture_compat.py,22,0,0
tests/test_rescue_inspector.py,104,0,1
tests/test_rescue_models.py,147,0,0
tests/test_rescue_operations.py,120,0,1
tests/test_rescue_planner.py,141,1,0
tests/test_rescue_policy.py,88,0,0
tests/test_rescue_renderer.py,419,0,3
tests/test_rescue_surfaces.py,264,2,0
tests/test_rescue_verifier.py,59,0,0
tests/test_restorative_contracts.py,105,0,0
tests/test_restorative_evaluators.py,334,0,0
tests/test_revideo_engine.py,515,4,9
tests/test_revideo_format.py,217,0,4
tests/test_revideo_surfaces.py,282,5,0
tests/test_revideo_transaction.py,538,1,25
tests/test_review_ledger.py,223,0,0
tests/test_runner.py,90,0,0
tests/test_safe_tool_envelope.py,26,0,0
tests/test_secret_scan.py,99,0,0
tests/test_selection_golden_ssim.py,53,0,0
tests/test_self_overwrite_guard.py,135,0,0
tests/test_semantic_edl.py,141,0,0
tests/test_semantic_generators.py,132,0,0
tests/test_semantic_index.py,76,0,0
tests/test_semantic_surface.py,75,0,0
tests/test_semantic_timeline.py,169,0,0
tests/test_server.py,1142,1,0
tests/test_server_tools_composite_layers.py,51,0,0
tests/test_server_tools_glitch.py,360,0,0
tests/test_server_tools_glitch_shader.py,267,1,0
tests/test_server_tools_media.py,378,0,0
tests/test_shorts_package.py,116,2,0
tests/test_shorts_plan.py,110,0,0
tests/test_shorts_render.py,146,1,1
tests/test_shorts_render_path_safety.py,85,0,0
tests/test_shorts_review.py,143,0,0
tests/test_smart_thumbnail.py,241,0,0
tests/test_sound_asr_cancellation.py,75,1,0
tests/test_sound_asr_compare.py,68,0,0
tests/test_sound_asr_failures.py,117,0,1
tests/test_sound_asr_public.py,109,0,1
tests/test_sound_asr_runtime.py,64,0,1
tests/test_sound_asr_transports.py,57,1,0
tests/test_sound_automation_compatibility.py,39,0,0
tests/test_sound_automation_curves.py,86,0,0
tests/test_sound_automation_guards.py,157,1,1
tests/test_sound_automation_public.py,147,0,0
tests/test_sound_automation_transports.py,89,2,0
tests/test_sound_bus_sidechain_compatibility.py,68,0,0
tests/test_sound_bus_sidechain_core.py,91,1,0
tests/test_sound_bus_sidechain_guards.py,122,1,0
tests/test_sound_bus_sidechain_transports.py,69,1,0
tests/test_sound_bus_sidechains_public.py,170,0,2
tests/test_sound_ci_coverage.py,44,3,0
tests/test_sound_conversion_manifest.py,99,0,0
tests/test_sound_crossfade_transitions.py,158,0,0
tests/test_sound_dub_failures.py,188,0,1
tests/test_sound_dub_render.py,241,2,3
tests/test_sound_dub_requests.py,86,0,0
tests/test_sound_layer_compatibility.py,60,0,0
tests/test_sound_layer_ducking_compatibility.py,56,0,0
tests/test_sound_layer_ducking_guards.py,100,1,0
tests/test_sound_layer_ducking_pcm.py,117,0,0
tests/test_sound_layer_ducking_public.py,94,2,0
tests/test_sound_layer_ducking_transports.py,94,2,0
tests/test_sound_layer_ducking_work.py,75,0,0
tests/test_sound_layer_fill.py,63,0,0
tests/test_sound_layer_guards.py,237,1,0
tests/test_sound_layer_transports.py,149,5,2
tests/test_sound_layers_public.py,152,1,0
tests/test_sound_loudness_public.py,138,1,2
tests/test_sound_master_cancellation.py,74,1,0
tests/test_sound_master_failures.py,111,0,0
tests/test_sound_master_public.py,132,1,4
tests/test_sound_master_transports.py,58,0,0
tests/test_sound_mastering_accuracy.py,76,0,0
tests/test_sound_measured_loudness.py,73,2,0
tests/test_sound_meter_process.py,145,1,0
tests/test_sound_meter_validation.py,66,0,0
tests/test_sound_numeric_guards.py,78,1,0
tests/test_sound_numeric_public.py,145,0,0
tests/test_sound_paid_disposition.py,289,0,0
tests/test_sound_process_sink.py,35,0,0
tests/test_sound_public_mix.py,336,3,5
tests/test_sound_rate_conversion_backend.py,65,0,0
tests/test_sound_rate_conversion_cancellation.py,71,1,0
tests/test_sound_rate_conversion_composition.py,87,0,0
tests/test_sound_rate_conversion_failures.py,115,0,0
tests/test_sound_rate_conversion_guards.py,69,0,0
tests/test_sound_rate_conversion_public.py,108,0,2
tests/test_sound_rate_conversion_shape.py,43,0,0
tests/test_sound_rate_conversion_transports.py,60,1,0
tests/test_sound_routing_guards.py,205,1,0
tests/test_sound_routing_transports.py,81,2,0
tests/test_sound_send_compatibility.py,68,0,0
tests/test_sound_send_graph.py,144,1,0
tests/test_sound_send_guards.py,170,1,0
tests/test_sound_send_transports.py,104,2,2
tests/test_sound_sends_public.py,89,0,0
tests/test_sound_source_windows.py,144,0,0
tests/test_sound_source_windows_public.py,94,1,1
tests/test_sound_speech_spatial_compatibility.py,55,0,1
tests/test_sound_speech_spatial_dsp.py,37,0,0
tests/test_sound_speech_spatial_failures.py,125,1,0
tests/test_sound_speech_spatial_public.py,32,0,0
tests/test_sound_speech_spatial_transports.py,81,0,1
tests/test_sound_static_routing.py,193,5,1
tests/test_sound_stereo_master_transports.py,109,2,0
tests/test_sound_stereo_mastering.py,225,2,5
tests/test_sound_stereo_mix.py,190,2,2
tests/test_sound_stereo_transports.py,58,0,0
tests/test_sound_timeline_roundoff.py,43,0,0
tests/test_sound_wav_contract.py,58,0,0
tests/test_sound_whole_field_compatibility.py,103,0,0
tests/test_sound_whole_field_models.py,162,0,0
tests/test_sound_worker_cancel_phases.py,88,1,0
tests/test_sound_worker_cancellation.py,140,2,0
tests/test_sound_worker_compatibility.py,77,0,0
tests/test_sound_worker_ipc.py,91,0,0
tests/test_sound_worker_pipes.py,168,1,0
tests/test_source_identity.py,156,0,0
tests/test_sphere_assembly.py,256,0,2
tests/test_ssim_adversarial_pin.py,46,0,0
tests/test_stdio_guard_probes.py,153,1,0
tests/test_still_plates.py,420,4,2
tests/test_subprocess_stdin_contract.py,39,3,0
tests/test_subtitle_capture.py,60,0,1
tests/test_subtitle_qa.py,845,13,0
tests/test_subtitles_ass_and_dimension.py,767,1,2
tests/test_subtitles_eof.py,437,2,0
tests/test_te_and_mutations.py,185,0,0
tests/test_templates.py,202,3,0
tests/test_tier1_regressions.py,253,0,0
tests/test_tier4_features.py,124,3,0
tests/test_timeline_ir.py,184,0,0
tests/test_track_e_go.py,62,0,0
tests/test_transitions.py,85,0,0
tests/test_verify_published_claims_live.py,115,0,0
tests/test_visual_intelligence_analysis.py,203,0,0
tests/test_visual_intelligence_reframe.py,270,2,0
tests/test_visual_intelligence_stabilization.py,124,1,0
tests/test_visual_intelligence_verification.py,125,0,0
tests/test_voice_seam.py,666,2,0
tests/test_wave3_public_boundaries.py,123,1,0
tests/test_wave3_surfaces.py,806,5,4
tests/test_windows_collection_ci.py,397,0,1
tests/test_winners_bundle.py,577,0,8
tests/test_wishlist_depth_closeout.py,223,4,0
tests/test_wishlist_end_to_end.py,296,0,0
tests/test_workflow_burn_in_crop.py,347,0,0
tests/test_workflow_cli.py,73,0,0
tests/test_workflow_client.py,65,0,0
tests/test_workflow_composite.py,331,1,0
tests/test_workflow_executor.py,476,8,0
tests/test_workflow_failclosed.py,169,0,0
tests/test_workflow_golden.py,217,0,0
tests/test_workflow_inspect.py,301,0,0
tests/test_workflow_planner.py,346,3,0
tests/test_workflow_receipt_lineage.py,422,2,0
tests/test_workflow_resume.py,305,1,0
tests/test_workflow_security.py,356,1,0
tests/test_workflow_server_tool.py,93,0,0
tests/test_workflow_spec.py,470,2,0
tests/test_workflow_variants.py,639,8,1
workflows/01-social-media-clip/shorts_workflow_legacy.py,138,0,0
workflows/01-social-media-clip/workflow.py,93,0,0
workflows/02-podcast-clip/workflow.py,126,0,0
workflows/03-explainer-video/workflow.py,364,5,0
workflows/04-hyperframes-video/workflow.py,105,1,0
workflows/05-confidence-baseline/workflow.py,350,1,0
workflows/06-repurpose-package/workflow.py,185,2,0
workflows/benchmarks/run_adversarial_certification.py,165,0,0
workflows/benchmarks/run_confidence_benchmark.py,122,0,0
