path,parse,lines,functions
.github/scripts/check-built-artifacts.py,ok,90,2
.github/scripts/check-forbidden-artifacts.py,ok,42,1
.github/scripts/mcpb-ci.py,ok,822,38
.github/scripts/mcpb_process_owner.py,ok,818,49
.github/scripts/windows_collection_ci.py,ok,279,12
codesitter_inaugural.py,ok,8,1
demo/demo_script.py,ok,207,3
examples/agent_cookbook.py,ok,69,3
examples/python/shorts_workflow.py,ok,138,1
examples/repurpose_current_tools_demo.py,ok,143,7
kinocut/__init__.py,ok,116,2
kinocut/__main__.py,ok,253,8
kinocut/_mcpb_observation.py,ok,82,3
kinocut/aesthetic/__init__.py,ok,205,9
kinocut/aesthetic/smart_thumbnail.py,ok,154,5
kinocut/ai_engine/__init__.py,ok,327,11
kinocut/ai_engine/_longform_merge.py,ok,137,6
kinocut/ai_engine/_longform_models.py,ok,116,5
kinocut/ai_engine/_longform_planning.py,ok,170,3
kinocut/ai_engine/_longform_runtime.py,ok,73,2
kinocut/ai_engine/_longform_validation.py,ok,94,3
kinocut/ai_engine/color.py,ok,235,7
kinocut/ai_engine/download.py,ok,469,22
kinocut/ai_engine/scene.py,ok,165,6
kinocut/ai_engine/silence.py,ok,342,8
kinocut/ai_engine/spatial.py,ok,313,9
kinocut/ai_engine/stem.py,ok,167,5
kinocut/ai_engine/transcribe.py,ok,306,10
kinocut/ai_engine/transcribe_longform.py,ok,156,4
kinocut/ai_engine/upscale.py,ok,482,14
kinocut/aivideo/__init__.py,ok,18,0
kinocut/aivideo/benchmark.py,ok,122,3
kinocut/aivideo/editorial.py,ok,192,9
kinocut/aivideo/graphics_recipe.py,ok,533,15
kinocut/aivideo/graphics_recipe_checks.py,ok,383,18
kinocut/aivideo/ingest.py,ok,44,1
kinocut/aivideo/inspection/__init__.py,ok,1,0
kinocut/aivideo/inspection/manifest.py,ok,180,11
kinocut/aivideo/inspection/motion_coherence.py,ok,135,3
kinocut/aivideo/inspection/motion_strip.py,ok,97,3
kinocut/aivideo/inspection/providers.py,ok,354,14
kinocut/aivideo/inspection/samplers.py,ok,257,14
kinocut/aivideo/inspection/temporal_checks.py,ok,618,26
kinocut/aivideo/learning/__init__.py,ok,35,0
kinocut/aivideo/learning/advice.py,ok,124,3
kinocut/aivideo/learning/cost.py,ok,72,3
kinocut/aivideo/learning/outcomes.py,ok,53,4
kinocut/aivideo/learning/project_recipes.py,ok,175,8
kinocut/aivideo/learning/recipes.py,ok,38,3
kinocut/aivideo/learning/report.py,ok,57,2
kinocut/aivideo/preflight.py,ok,362,13
kinocut/aivideo/protection.py,ok,296,14
kinocut/aivideo/release_surfaces.py,ok,110,10
kinocut/aivideo/review.py,ok,226,13
kinocut/aivideo/salvage.py,ok,503,18
kinocut/aivideo/salvage_checks.py,ok,290,12
kinocut/aivideo/salvage_lineage.py,ok,259,11
kinocut/aivideo/salvage_render.py,ok,157,9
kinocut/aivideo/subtitle_qa.py,ok,758,21
kinocut/aivideo/subtitle_qa_validation.py,ok,95,7
kinocut/aivideo/surfaces.py,ok,350,17
kinocut/aivideo/verdict.py,ok,327,13
kinocut/aivideo/voice_seam.py,ok,737,31
kinocut/aivideo/wave3_surfaces.py,ok,340,18
kinocut/audio_bed_validation.py,ok,100,4
kinocut/audio_engine/__init__.py,ok,128,2
kinocut/audio_engine/_legacy_core.py,ok,649,33
kinocut/audio_engine/audition.py,ok,338,9
kinocut/audio_engine/core.py,ok,787,29
kinocut/audio_engine/integrations/__init__.py,ok,7,0
kinocut/audio_engine/integrations/basic_pitch_bridge.py,ok,103,3
kinocut/audio_engine/integrations/librosa_bridge.py,ok,145,4
kinocut/audio_engine/integrations/meltysynth_bridge.py,ok,161,4
kinocut/audio_engine/integrations/soundfile_bridge.py,ok,132,4
kinocut/audio_engine/presets.py,ok,288,2
kinocut/audio_engine/sequencing.py,ok,653,17
kinocut/audio_engine/synthesis.py,ok,404,7
kinocut/audio_guardrails.py,ok,60,1
kinocut/c2pa.py,ok,175,7
kinocut/capability_report.py,ok,97,1
kinocut/cli/__init__.py,ok,1,0
kinocut/cli/common.py,ok,77,4
kinocut/cli/formatting.py,ok,819,49
kinocut/cli/handlers_advanced.py,ok,118,10
kinocut/cli/handlers_ai.py,ok,138,10
kinocut/cli/handlers_aivideo.py,ok,52,2
kinocut/cli/handlers_audio.py,ok,176,12
kinocut/cli/handlers_composition.py,ok,163,10
kinocut/cli/handlers_core.py,ok,333,12
kinocut/cli/handlers_effects.py,ok,122,8
kinocut/cli/handlers_hyperframes.py,ok,300,24
kinocut/cli/handlers_image.py,ok,157,12
kinocut/cli/handlers_inspection.py,ok,41,2
kinocut/cli/handlers_intent.py,ok,266,29
kinocut/cli/handlers_media.py,ok,375,20
kinocut/cli/handlers_postrescue.py,ok,41,3
kinocut/cli/handlers_release.py,ok,49,2
kinocut/cli/handlers_rescue.py,ok,51,4
kinocut/cli/handlers_revideo.py,ok,78,7
kinocut/cli/handlers_shorts.py,ok,81,6
kinocut/cli/handlers_sound.py,ok,128,10
kinocut/cli/handlers_transitions.py,ok,79,4
kinocut/cli/handlers_workflow.py,ok,60,5
kinocut/cli/namespaces.py,ok,79,2
kinocut/cli/parser/__init__.py,ok,91,1
kinocut/cli/parser/advanced.py,ok,110,3
kinocut/cli/parser/ai.py,ok,100,3
kinocut/cli/parser/aivideo.py,ok,44,1
kinocut/cli/parser/audio.py,ok,185,4
kinocut/cli/parser/core.py,ok,132,3
kinocut/cli/parser/effects.py,ok,277,7
kinocut/cli/parser/hyperframes.py,ok,219,5
kinocut/cli/parser/image.py,ok,109,3
kinocut/cli/parser/inspection.py,ok,27,1
kinocut/cli/parser/intent.py,ok,115,3
kinocut/cli/parser/layout.py,ok,109,3
kinocut/cli/parser/media.py,ok,135,3
kinocut/cli/parser/postrescue.py,ok,25,1
kinocut/cli/parser/quality.py,ok,73,2
kinocut/cli/parser/release.py,ok,40,1
kinocut/cli/parser/rescue.py,ok,48,1
kinocut/cli/parser/revideo.py,ok,31,1
kinocut/cli/parser/shorts.py,ok,48,1
kinocut/cli/parser/sound.py,ok,59,1
kinocut/cli/parser/workflow.py,ok,52,1
kinocut/cli/rescue_formatting.py,ok,119,7
kinocut/cli/runner.py,ok,134,11
kinocut/client/__init__.py,ok,55,0
kinocut/client/ai.py,ok,154,7
kinocut/client/aivideo.py,ok,71,5
kinocut/client/audio.py,ok,275,10
kinocut/client/base.py,ok,266,19
kinocut/client/contracts.py,ok,406,0
kinocut/client/effects.py,ok,399,17
kinocut/client/hyperframes.py,ok,319,18
kinocut/client/image.py,ok,121,8
kinocut/client/inspection.py,ok,48,3
kinocut/client/media.py,ok,807,44
kinocut/client/meta.py,ok,22,1
kinocut/client/postrescue.py,ok,58,9
kinocut/client/quality.py,ok,116,5
kinocut/client/release.py,ok,59,9
kinocut/client/rescue.py,ok,49,3
kinocut/client/revideo.py,ok,64,4
kinocut/client/shorts.py,ok,80,4
kinocut/client/sound.py,ok,77,7
kinocut/client/sphere.py,ok,29,4
kinocut/client/workflow.py,ok,182,5
kinocut/contracts/__init__.py,ok,132,0
kinocut/contracts/_common.py,ok,145,4
kinocut/contracts/_errors.py,ok,35,1
kinocut/contracts/_paths.py,ok,42,1
kinocut/contracts/acceptance.py,ok,75,2
kinocut/contracts/adapter.py,ok,61,4
kinocut/contracts/asset.py,ok,101,2
kinocut/contracts/audio_bed.py,ok,129,4
kinocut/contracts/capability.py,ok,158,8
kinocut/contracts/defect.py,ok,111,2
kinocut/contracts/editorial.py,ok,116,8
kinocut/contracts/learning.py,ok,93,1
kinocut/contracts/protection.py,ok,56,0
kinocut/contracts/receipt_ai_video.py,ok,147,5
kinocut/contracts/registry.py,ok,171,4
kinocut/contracts/review.py,ok,298,9
kinocut/contracts/trusted_execution.py,ok,274,6
kinocut/contracts/verdict.py,ok,72,2
kinocut/creation_engine.py,ok,224,16
kinocut/creation_templates/__init__.py,ok,1,0
kinocut/creative/__init__.py,ok,110,0
kinocut/creative/autopilot.py,ok,214,4
kinocut/creative/autopilot_models.py,ok,97,1
kinocut/creative/compiler.py,ok,92,1
kinocut/creative/composition.py,ok,217,7
kinocut/creative/composition_models.py,ok,237,4
kinocut/creative/errors.py,ok,12,1
kinocut/creative/manifest.py,ok,169,4
kinocut/creative/models.py,ok,213,10
kinocut/creative/preview.py,ok,90,2
kinocut/creative/verification_models.py,ok,74,0
kinocut/creative/verifier.py,ok,213,9
kinocut/defaults.py,ok,272,0
kinocut/design_guardrails.py,ok,571,18
kinocut/design_quality/__init__.py,ok,74,2
kinocut/design_quality/guardrails/__init__.py,ok,7,0
kinocut/design_quality/guardrails/analysis.py,ok,374,20
kinocut/design_quality/guardrails/checks.py,ok,435,12
kinocut/design_quality/guardrails/core.py,ok,149,2
kinocut/design_quality/guardrails/fixes.py,ok,110,5
kinocut/design_quality/guardrails/probe.py,ok,99,6
kinocut/design_quality/guardrails/scoring.py,ok,254,8
kinocut/design_quality/models.py,ok,165,6
kinocut/doctor.py,ok,691,23
kinocut/effects_engine/__init__.py,ok,19,0
kinocut/effects_engine/core.py,ok,332,5
kinocut/effects_engine/layout.py,ok,282,7
kinocut/effects_engine/mograph.py,ok,250,5
kinocut/effects_engine/text.py,ok,730,23
kinocut/effects_engine/utility.py,ok,208,5
kinocut/engine.py,ok,113,0
kinocut/engine_advanced_mask.py,ok,161,4
kinocut/engine_audio_bed.py,ok,731,23
kinocut/engine_audio_bed_filters.py,ok,96,5
kinocut/engine_audio_mix.py,ok,188,6
kinocut/engine_audio_normalize.py,ok,235,8
kinocut/engine_audio_normalize_output.py,ok,49,2
kinocut/engine_audio_ops.py,ok,411,9
kinocut/engine_audio_waveform.py,ok,203,8
kinocut/engine_batch.py,ok,204,6
kinocut/engine_body_swap.py,ok,648,24
kinocut/engine_chroma_key.py,ok,87,1
kinocut/engine_compare_quality.py,ok,143,6
kinocut/engine_composite_layers.py,ok,795,28
kinocut/engine_composite_layers_blend.py,ok,132,4
kinocut/engine_composite_layers_effects.py,ok,167,8
kinocut/engine_composite_layers_rotate.py,ok,151,5
kinocut/engine_composite_layers_source.py,ok,127,8
kinocut/engine_convert.py,ok,363,10
kinocut/engine_crop.py,ok,105,2
kinocut/engine_detect_scenes.py,ok,110,2
kinocut/engine_edit.py,ok,131,3
kinocut/engine_export.py,ok,58,1
kinocut/engine_extract_audio.py,ok,52,1
kinocut/engine_fade.py,ok,67,1
kinocut/engine_filters.py,ok,246,11
kinocut/engine_frames.py,ok,76,1
kinocut/engine_glitch.py,ok,643,10
kinocut/engine_glitch_shader.py,ok,482,16
kinocut/engine_hls.py,ok,137,4
kinocut/engine_images.py,ok,144,5
kinocut/engine_mask.py,ok,85,2
kinocut/engine_merge.py,ok,369,11
kinocut/engine_metadata.py,ok,107,2
kinocut/engine_overlay.py,ok,181,7
kinocut/engine_preview.py,ok,48,1
kinocut/engine_probe.py,ok,231,7
kinocut/engine_repurpose.py,ok,212,8
kinocut/engine_resize.py,ok,92,2
kinocut/engine_reverse.py,ok,62,1
kinocut/engine_rotate.py,ok,71,1
kinocut/engine_runtime_utils.py,ok,265,14
kinocut/engine_speed.py,ok,95,1
kinocut/engine_split_screen.py,ok,129,3
kinocut/engine_stabilize.py,ok,118,2
kinocut/engine_storyboard.py,ok,121,2
kinocut/engine_subtitle_generate.py,ok,174,6
kinocut/engine_subtitles.py,ok,162,3
kinocut/engine_text.py,ok,341,9
kinocut/engine_thumbnail.py,ok,83,1
kinocut/engine_timeline.py,ok,451,15
kinocut/engine_transcode.py,ok,21,1
kinocut/engine_watermark.py,ok,78,1
kinocut/errors.py,ok,435,24
kinocut/ffmpeg_helpers.py,ok,767,24
kinocut/filter_guardrails.py,ok,50,2
kinocut/font_manager.py,ok,97,2
kinocut/hyperframes_engine.py,ok,686,19
kinocut/hyperframes_models.py,ok,118,1
kinocut/hyperframes_ops.py,ok,725,24
kinocut/hyperframes_ops_helpers.py,ok,292,17
kinocut/image_engine.py,ok,376,11
kinocut/image_models.py,ok,51,0
kinocut/intent/__init__.py,ok,21,0
kinocut/intent/broll.py,ok,93,2
kinocut/intent/caption_translate.py,ok,127,4
kinocut/intent/language_coverage.py,ok,65,2
kinocut/intent/router.py,ok,79,3
kinocut/intent/verbs.py,ok,72,0
kinocut/limits.py,ok,106,0
kinocut/merge_guardrails.py,ok,69,1
kinocut/models.py,ok,528,15
kinocut/multipliers/__init__.py,ok,19,0
kinocut/multipliers/generative.py,ok,150,4
kinocut/multipliers/otio_io.py,ok,241,9
kinocut/multipliers/review_ui.py,ok,65,1
kinocut/multipliers/tts_dub.py,ok,91,3
kinocut/next_action.py,ok,48,3
kinocut/object_matte/__init__.py,ok,11,1
kinocut/object_matte/api.py,ok,274,9
kinocut/object_matte/encode.py,ok,54,3
kinocut/object_matte/equipment.py,ok,92,5
kinocut/object_matte/infer.py,ok,49,4
kinocut/object_matte/media.py,ok,277,13
kinocut/object_matte/runtime.py,ok,64,3
kinocut/object_matte/temporal.py,ok,36,2
kinocut/object_matte/weights.py,ok,104,5
kinocut/paths.py,ok,28,2
kinocut/postrescue.py,ok,232,15
kinocut/product/__init__.py,ok,50,0
kinocut/product/captions.py,ok,411,17
kinocut/product/clip_pipeline.py,ok,207,6
kinocut/product/config.py,ok,262,6
kinocut/product/highlight_discovery.py,ok,322,15
kinocut/product/models.py,ok,209,5
kinocut/product/package.py,ok,283,13
kinocut/product/package_models.py,ok,175,5
kinocut/product/selection_evidence.py,ok,74,2
kinocut/product/shorts_package.py,ok,156,5
kinocut/product/shorts_plan.py,ok,293,10
kinocut/product/shorts_render.py,ok,317,10
kinocut/product/shorts_review.py,ok,229,5
kinocut/projectstore/__init__.py,ok,141,0
kinocut/projectstore/_filelock.py,ok,130,9
kinocut/projectstore/_migrations.py,ok,98,2
kinocut/projectstore/artifacts.py,ok,51,1
kinocut/projectstore/cas.py,ok,110,5
kinocut/projectstore/cas_derived.py,ok,85,3
kinocut/projectstore/cas_gc.py,ok,172,2
kinocut/projectstore/cas_lifecycle.py,ok,172,8
kinocut/projectstore/compat.py,ok,503,19
kinocut/projectstore/disfluency_cuts.py,ok,158,5
kinocut/projectstore/edit_projects.py,ok,371,19
kinocut/projectstore/event_retention.py,ok,86,2
kinocut/projectstore/events.py,ok,317,16
kinocut/projectstore/ingest.py,ok,265,10
kinocut/projectstore/layout.py,ok,163,13
kinocut/projectstore/render_control.py,ok,79,3
kinocut/projectstore/render_jobs.py,ok,503,31
kinocut/projectstore/render_runner.py,ok,183,5
kinocut/projectstore/repurpose.py,ok,135,4
kinocut/projectstore/semantic_indexes.py,ok,184,6
kinocut/projectstore/store.py,ok,688,31
kinocut/quality_guardrail_checks.py,ok,162,3
kinocut/quality_guardrail_types.py,ok,40,2
kinocut/quality_guardrails.py,ok,796,21
kinocut/quality_signal_domain.py,ok,48,2
kinocut/receipts_ai_video.py,ok,52,2
kinocut/registry/__init__.py,ok,49,0
kinocut/registry/_duplicate.py,ok,70,2
kinocut/registry/_lineage.py,ok,184,9
kinocut/registry/_query.py,ok,235,13
kinocut/registry/_store.py,ok,150,10
kinocut/remote/__init__.py,ok,85,0
kinocut/remote/adapters.py,ok,159,14
kinocut/remote/api.py,ok,193,8
kinocut/remote/contracts.py,ok,312,19
kinocut/remote/jobs.py,ok,375,19
kinocut/render_dag/__init__.py,ok,55,0
kinocut/render_dag/compiler.py,ok,316,10
kinocut/render_dag/schema.py,ok,246,11
kinocut/render_dag/validation.py,ok,266,10
kinocut/rescue/__init__.py,ok,54,0
kinocut/rescue/_errors.py,ok,47,1
kinocut/rescue/analyzer.py,ok,391,12
kinocut/rescue/capabilities.py,ok,98,5
kinocut/rescue/inspector.py,ok,136,4
kinocut/rescue/models.py,ok,419,13
kinocut/rescue/operations.py,ok,163,10
kinocut/rescue/planner.py,ok,228,11
kinocut/rescue/policy.py,ok,100,3
kinocut/rescue/r1/__init__.py,ok,38,0
kinocut/rescue/r1/capabilities.py,ok,27,1
kinocut/rescue/r1/models.py,ok,156,5
kinocut/rescue/r1/policy_registry.py,ok,122,4
kinocut/rescue/r1/preview_diff.py,ok,32,2
kinocut/rescue/r1/verifier_registry.py,ok,45,3
kinocut/rescue/renderer.py,ok,718,25
kinocut/rescue/verifier.py,ok,338,17
kinocut/restorative/__init__.py,ok,62,0
kinocut/restorative/api.py,ok,74,3
kinocut/restorative/contracts.py,ok,217,5
kinocut/restorative/evaluators.py,ok,313,11
kinocut/restorative/evidence.py,ok,102,0
kinocut/revideo_engine.py,ok,691,35
kinocut/revideo_models.py,ok,47,0
kinocut/semantic/__init__.py,ok,17,0
kinocut/semantic/disfluency.py,ok,202,10
kinocut/semantic/edl.py,ok,601,26
kinocut/semantic/generators.py,ok,223,13
kinocut/semantic/index.py,ok,240,10
kinocut/semantic/models.py,ok,427,18
kinocut/semantic/timeline.py,ok,92,4
kinocut/server.py,ok,178,0
kinocut/server_app.py,ok,166,9
kinocut/server_facade_exports.py,ok,59,0
kinocut/server_resources.py,ok,78,4
kinocut/server_tools_advanced.py,ok,653,22
kinocut/server_tools_ai.py,ok,337,11
kinocut/server_tools_aivideo.py,ok,84,5
kinocut/server_tools_audio.py,ok,463,11
kinocut/server_tools_basic.py,ok,577,11
kinocut/server_tools_creation.py,ok,61,4
kinocut/server_tools_effects.py,ok,688,16
kinocut/server_tools_glitch.py,ok,374,8
kinocut/server_tools_glitch_shader.py,ok,184,4
kinocut/server_tools_guardrails.py,ok,91,2
kinocut/server_tools_hyperframes.py,ok,522,19
kinocut/server_tools_image.py,ok,240,8
kinocut/server_tools_inspection.py,ok,60,3
kinocut/server_tools_intent.py,ok,699,30
kinocut/server_tools_media.py,ok,610,12
kinocut/server_tools_postrescue.py,ok,74,8
kinocut/server_tools_release.py,ok,95,9
kinocut/server_tools_repurpose.py,ok,57,2
kinocut/server_tools_rescue.py,ok,61,3
kinocut/server_tools_revideo.py,ok,73,5
kinocut/server_tools_shorts.py,ok,91,4
kinocut/server_tools_sound.py,ok,109,8
kinocut/server_tools_workflow.py,ok,163,4
kinocut/sound_joins/__init__.py,ok,65,0
kinocut/sound_joins/benchmark.py,ok,210,7
kinocut/sound_joins/d41_bind.py,ok,170,11
kinocut/sound_joins/d42_bind.py,ok,124,12
kinocut/sound_joins/loudness.py,ok,141,8
kinocut/sound_joins/scheduler.py,ok,113,4
kinocut/source_identity.py,ok,221,11
kinocut/still_plates/__init__.py,ok,17,0
kinocut/still_plates/edit.py,ok,141,3
kinocut/still_plates/gate.py,ok,130,2
kinocut/still_plates/grade.py,ok,180,8
kinocut/still_plates/io.py,ok,119,8
kinocut/still_plates/match.py,ok,129,4
kinocut/still_plates/package.py,ok,130,3
kinocut/still_plates/stats.py,ok,109,9
kinocut/subtitles_common.py,ok,178,8
kinocut/subtitles_eof.py,ok,253,17
kinocut/te/__init__.py,ok,63,0
kinocut/te/audiogram.py,ok,29,1
kinocut/te/brand_kit.py,ok,54,3
kinocut/te/constraint_solve.py,ok,59,1
kinocut/te/cost_oracle.py,ok,61,1
kinocut/te/cutfile.py,ok,94,4
kinocut/te/cutfile_render.py,ok,298,12
kinocut/te/edit_session.py,ok,118,4
kinocut/te/edl_apply.py,ok,103,4
kinocut/te/goal_cutfile.py,ok,76,4
kinocut/te/hooks.py,ok,55,1
kinocut/te/init_project.py,ok,47,1
kinocut/te/publish_connectors.py,ok,101,1
kinocut/te/punch_zoom.py,ok,41,1
kinocut/te/receipt_diff.py,ok,69,3
kinocut/te/seek.py,ok,32,2
kinocut/te/sphere_assembly.py,ok,129,6
kinocut/te/sphere_director.py,ok,140,5
kinocut/te/sphere_filters.py,ok,23,2
kinocut/te/sphere_graph.py,ok,112,5
kinocut/te/sphere_plan.py,ok,284,10
kinocut/te/sphere_probe.py,ok,134,6
kinocut/te/sphere_render.py,ok,83,3
kinocut/te/sphere_storyboard.py,ok,114,5
kinocut/te/timeline_view.py,ok,64,2
kinocut/templates.py,ok,321,8
kinocut/timeline_ir/__init__.py,ok,31,0
kinocut/timeline_ir/compiler.py,ok,84,5
kinocut/timeline_ir/schema.py,ok,160,8
kinocut/tool_discovery.py,ok,79,2
kinocut/transitions_engine.py,ok,252,5
kinocut/validation.py,ok,599,5
kinocut/visual_intelligence/__init__.py,ok,58,0
kinocut/visual_intelligence/analysis.py,ok,192,6
kinocut/visual_intelligence/models.py,ok,399,13
kinocut/visual_intelligence/reframe.py,ok,238,10
kinocut/visual_intelligence/reframe_render.py,ok,88,3
kinocut/visual_intelligence/stabilization.py,ok,142,7
kinocut/visual_intelligence/verification.py,ok,173,9
kinocut/watching/__init__.py,ok,24,0
kinocut/watching/metrics.py,ok,244,6
kinocut/watching/mutations.py,ok,83,3
kinocut/watching/narrative_qc.py,ok,64,1
kinocut/watching/review.py,ok,114,5
kinocut/watching/vision_qc.py,ok,141,4
kinocut/winners_bundle.py,ok,684,32
kinocut/workflow/__init__.py,ok,48,0
kinocut/workflow/_errors.py,ok,77,1
kinocut/workflow/_versions.py,ok,48,3
kinocut/workflow/composite.py,ok,288,6
kinocut/workflow/executor.py,ok,797,26
kinocut/workflow/inspector.py,ok,301,10
kinocut/workflow/ops.py,ok,264,10
kinocut/workflow/planner.py,ok,245,10
kinocut/workflow/receipt.py,ok,391,17
kinocut/workflow/spec.py,ok,115,4
kinocut/workflow/validator.py,ok,319,15
kinocut/workflow/variants.py,ok,184,10
kinocut_sound/__init__.py,ok,741,0
kinocut_sound/_assembly_integrity.py,ok,33,1
kinocut_sound/_canonical.py,ok,165,6
kinocut_sound/_errors.py,ok,58,3
kinocut_sound/_input_bounds.py,ok,80,5
kinocut_sound/_model_boundary.py,ok,42,3
kinocut_sound/_process_ownership.py,ok,22,2
kinocut_sound/_script_integrity.py,ok,80,2
kinocut_sound/_script_resource_limits.py,ok,84,3
kinocut_sound/_timeline_identity.py,ok,32,2
kinocut_sound/authorization.py,ok,783,34
kinocut_sound/authorization_privacy.py,ok,25,1
kinocut_sound/capability.py,ok,167,13
kinocut_sound/captions.py,ok,23,1
kinocut_sound/consent.py,ok,213,17
kinocut_sound/defaults.py,ok,132,0
kinocut_sound/delivery.py,ok,169,8
kinocut_sound/episode_assembly.py,ok,439,23
kinocut_sound/format.py,ok,117,4
kinocut_sound/limits.py,ok,195,0
kinocut_sound/lines.py,ok,140,7
kinocut_sound/mix/__init__.py,ok,63,0
kinocut_sound/mix/_errors.py,ok,28,2
kinocut_sound/mix/_wav.py,ok,135,7
kinocut_sound/mix/automated_routing.py,ok,86,6
kinocut_sound/mix/automation.py,ok,127,7
kinocut_sound/mix/bus_buffers.py,ok,22,2
kinocut_sound/mix/bus_sends.py,ok,133,7
kinocut_sound/mix/bus_sidechains.py,ok,90,5
kinocut_sound/mix/crossfade.py,ok,42,1
kinocut_sound/mix/ducking.py,ok,62,1
kinocut_sound/mix/latency.py,ok,32,1
kinocut_sound/mix/layer_ducking.py,ok,101,7
kinocut_sound/mix/layer_work.py,ok,20,1
kinocut_sound/mix/layers.py,ok,112,4
kinocut_sound/mix/pcm_ops.py,ok,29,5
kinocut_sound/mix/placement.py,ok,106,2
kinocut_sound/mix/renderer.py,ok,270,9
kinocut_sound/mix/routing_protocol.py,ok,15,3
kinocut_sound/mix/seam.py,ok,23,1
kinocut_sound/mix/sent_routing.py,ok,39,5
kinocut_sound/mix/sidechain_routing.py,ok,49,6
kinocut_sound/mix/silence.py,ok,31,1
kinocut_sound/mix/source_windows.py,ok,65,2
kinocut_sound/mix/static_routing.py,ok,112,8
kinocut_sound/mix/stems.py,ok,71,3
kinocut_sound/mix/transitions.py,ok,105,2
kinocut_sound/post/__init__.py,ok,126,0
kinocut_sound/post/_errors.py,ok,80,3
kinocut_sound/post/_fixtures.py,ok,475,19
kinocut_sound/post/_subprocess.py,ok,201,7
kinocut_sound/post/batch.py,ok,136,6
kinocut_sound/post/chain.py,ok,211,9
kinocut_sound/post/deess.py,ok,143,3
kinocut_sound/post/denoise.py,ok,214,7
kinocut_sound/post/dynamics.py,ok,167,3
kinocut_sound/post/eq.py,ok,181,5
kinocut_sound/post/loudness.py,ok,173,4
kinocut_sound/post/spatial.py,ok,423,12
kinocut_sound/provider_policy.py,ok,673,44
kinocut_sound/public/__init__.py,ok,39,0
kinocut_sound/public/adapters.py,ok,310,15
kinocut_sound/public/asr_bundle.py,ok,56,1
kinocut_sound/public/asr_compare.py,ok,89,4
kinocut_sound/public/asr_job.py,ok,211,4
kinocut_sound/public/asr_request.py,ok,67,5
kinocut_sound/public/asr_runtime.py,ok,83,3
kinocut_sound/public/asr_worker.py,ok,65,3
kinocut_sound/public/discovery.py,ok,61,3
kinocut_sound/public/dub_bundle.py,ok,165,6
kinocut_sound/public/dub_job.py,ok,177,7
kinocut_sound/public/dub_process.py,ok,108,8
kinocut_sound/public/dub_request.py,ok,124,7
kinocut_sound/public/dub_spatial.py,ok,184,10
kinocut_sound/public/loudness_request.py,ok,89,5
kinocut_sound/public/master_bundle.py,ok,122,4
kinocut_sound/public/master_job.py,ok,171,7
kinocut_sound/public/master_render.py,ok,103,7
kinocut_sound/public/master_request.py,ok,75,5
kinocut_sound/public/mix_automation_receipt.py,ok,38,3
kinocut_sound/public/mix_automation_request.py,ok,26,1
kinocut_sound/public/mix_conversion_backend.py,ok,144,7
kinocut_sound/public/mix_conversion_job.py,ok,76,4
kinocut_sound/public/mix_conversion_manifest.py,ok,191,9
kinocut_sound/public/mix_conversion_prepare.py,ok,218,9
kinocut_sound/public/mix_conversion_proof.py,ok,77,4
kinocut_sound/public/mix_conversion_shape.py,ok,109,8
kinocut_sound/public/mix_conversion_sources.py,ok,27,2
kinocut_sound/public/mix_files.py,ok,117,8
kinocut_sound/public/mix_job.py,ok,240,9
kinocut_sound/public/mix_layer_ducking.py,ok,87,4
kinocut_sound/public/mix_layer_receipt.py,ok,53,3
kinocut_sound/public/mix_process.py,ok,119,6
kinocut_sound/public/mix_process_async.py,ok,113,7
kinocut_sound/public/mix_process_output.py,ok,25,3
kinocut_sound/public/mix_request.py,ok,247,8
kinocut_sound/public/mix_request_v2.py,ok,138,5
kinocut_sound/public/mix_request_v3.py,ok,85,4
kinocut_sound/public/mix_request_v4.py,ok,20,0
kinocut_sound/public/mix_routing_receipt.py,ok,60,3
kinocut_sound/public/mix_send_request.py,ok,63,3
kinocut_sound/public/mix_sidechain_request.py,ok,40,2
kinocut_sound/public/mix_source_shapes.py,ok,26,1
kinocut_sound/public/mix_window_receipt.py,ok,20,1
kinocut_sound/public/mix_worker.py,ok,199,6
kinocut_sound/qa/__init__.py,ok,39,0
kinocut_sound/qa/_errors.py,ok,19,1
kinocut_sound/qa/artifact.py,ok,29,1
kinocut_sound/qa/loudness.py,ok,41,3
kinocut_sound/qa/metadata.py,ok,54,1
kinocut_sound/qa/meter.py,ok,115,7
kinocut_sound/qa/meter_process.py,ok,142,9
kinocut_sound/qa/season.py,ok,30,1
kinocut_sound/receipt.py,ok,281,17
kinocut_sound/registry.py,ok,312,20
kinocut_sound/render_fingerprint.py,ok,131,9
kinocut_sound/routing.py,ok,256,16
kinocut_sound/s3_cache.py,ok,393,26
kinocut_sound/s3_fingerprint.py,ok,269,20
kinocut_sound/script_parser.py,ok,795,42
kinocut_sound/sound_config.py,ok,258,20
kinocut_sound/sound_plan.py,ok,178,11
kinocut_sound/timeline.py,ok,151,10
kinocut_sound/validation.py,ok,84,0
kinocut_sound/voice/__init__.py,ok,184,0
kinocut_sound/voice/_errors.py,ok,84,2
kinocut_sound/voice/batch.py,ok,491,16
kinocut_sound/voice/blend.py,ok,340,14
kinocut_sound/voice/clone.py,ok,213,10
kinocut_sound/voice/local_adapter.py,ok,609,23
kinocut_sound/voice/pronunciation.py,ok,225,10
kinocut_sound/voice/prosody.py,ok,233,4
kinocut_sound/voice/roster.py,ok,469,14
kinocut_sound/voice_consistency/__init__.py,ok,106,0
kinocut_sound/voice_consistency/_errors.py,ok,67,2
kinocut_sound/voice_consistency/ab_reel.py,ok,70,2
kinocut_sound/voice_consistency/d42_port.py,ok,235,21
kinocut_sound/voice_consistency/distinctiveness.py,ok,194,7
kinocut_sound/voice_consistency/drift.py,ok,169,4
kinocut_sound/voice_consistency/library.py,ok,140,8
kinocut_sound/voice_consistency/metrics.py,ok,121,4
kinocut_sound/voice_consistency/profile.py,ok,62,2
kinocut_sound/voice_consistency/regeneration.py,ok,115,4
kinocut_sound/world/__init__.py,ok,169,0
kinocut_sound/world/_errors.py,ok,48,2
kinocut_sound/world/audition.py,ok,151,9
kinocut_sound/world/catalog.py,ok,206,15
kinocut_sound/world/d41_port.py,ok,309,20
kinocut_sound/world/foley.py,ok,182,10
kinocut_sound/world/layers.py,ok,223,15
kinocut_sound/world/license.py,ok,133,10
kinocut_sound/world/loop.py,ok,199,6
kinocut_sound/world/presets.py,ok,293,19
manual/comprehensive_media_audit.py,ok,441,21
manual/real_video_manual.py,ok,203,16
mcp_video.py,ok,91,7
scripts/apply_public_release_cutover.py,ok,232,5
scripts/audit-runtime-allocation.py,ok,225,7
scripts/audit_scores.py,ok,300,11
scripts/benchmark-runtime-optimizations.py,ok,164,12
scripts/build-mcpb.py,ok,199,9
scripts/ci_scope.py,ok,45,1
scripts/collect_usage_metrics.py,ok,127,3
scripts/forgejo_sync.py,ok,603,32
scripts/generate_golden_pack.py,ok,223,9
scripts/github-pr-monitor.py,ok,182,10
scripts/golden_path.py,ok,268,18
scripts/golden_path_timings.py,ok,267,7
scripts/kinocut-pending.py,ok,278,11
scripts/make_g004_fixtures.py,ok,109,3
scripts/mcpb/__init__.py,ok,1,0
scripts/mcpb/defaults.py,ok,12,0
scripts/mcpb/errors.py,ok,5,0
scripts/mcpb/manifest.py,ok,39,2
scripts/mcpb/model.py,ok,265,12
scripts/mcpb/supply_chain.py,ok,502,24
scripts/mcpb_production_pack.py,ok,261,11
scripts/repo-readiness-audit.py,ok,350,5
scripts/secret_scan.py,ok,307,12
scripts/verify_onboarding_release.py,ok,690,34
scripts/verify_published_claims_live.py,ok,116,9
tests/__init__.py,ok,0,0
tests/conftest.py,ok,377,16
tests/contracts_fixtures.py,ok,283,16
tests/public_surface_inventory.py,ok,358,0
tests/registry_fixtures.py,ok,109,6
tests/rescue_fixtures.py,ok,153,5
tests/sound_numeric_cases.py,ok,217,2
tests/subtitle_capture.py,ok,76,7
tests/subtitle_render_test_support.py,ok,175,8
tests/test_add_audio_duration_policy.py,ok,282,28
tests/test_add_audio_surfaces.py,ok,196,21
tests/test_adversarial_audit.py,ok,421,46
tests/test_agent_output.py,ok,30,5
tests/test_ai_features.py,ok,2246,137
tests/test_ai_silence.py,ok,296,21
tests/test_aivideo_benchmark.py,ok,57,6
tests/test_aivideo_ingest.py,ok,171,14
tests/test_aivideo_ingest_metadata.py,ok,259,15
tests/test_aivideo_preflight.py,ok,566,47
tests/test_aivideo_protection.py,ok,413,28
tests/test_aivideo_salvage.py,ok,1107,46
tests/test_aivideo_verdict.py,ok,207,16
tests/test_apply_public_release_cutover.py,ok,56,7
tests/test_architecture_guardrails.py,ok,256,16
tests/test_audio_bed.py,ok,630,54
tests/test_audio_bed_surfaces.py,ok,125,11
tests/test_audio_fades.py,ok,167,12
tests/test_audio_guardrails.py,ok,62,7
tests/test_audio_input_kinds.py,ok,100,9
tests/test_audio_loudnorm.py,ok,250,11
tests/test_audio_mix.py,ok,286,19
tests/test_audio_no_numpy_fallback.py,ok,89,1
tests/test_audio_presets.py,ok,86,11
tests/test_audio_sequencing.py,ok,371,32
tests/test_audition.py,ok,145,14
tests/test_basic_pitch_bridge.py,ok,21,1
tests/test_black_coverage.py,ok,135,16
tests/test_body_swap.py,ok,604,33
tests/test_c2pa_provenance.py,ok,652,28
tests/test_capability_report.py,ok,74,7
tests/test_captions_contracts.py,ok,159,16
tests/test_captions_grouping.py,ok,167,15
tests/test_captions_placement.py,ok,175,14
tests/test_captions_styled_timing.py,ok,159,6
tests/test_captions_word_timed.py,ok,43,3
tests/test_ci_runner_contract.py,ok,22,2
tests/test_cli.py,ok,745,80
tests/test_cli_common.py,ok,55,7
tests/test_cli_formatting.py,ok,463,44
tests/test_cli_handlers.py,ok,713,45
tests/test_cli_parsers.py,ok,381,21
tests/test_client.py,ok,715,98
tests/test_client_audio_contracts.py,ok,83,5
tests/test_clip_pipeline.py,ok,138,13
tests/test_composite_blend_windows.py,ok,132,8
tests/test_contracts_acceptance.py,ok,58,7
tests/test_contracts_adapter.py,ok,97,8
tests/test_contracts_asset.py,ok,63,8
tests/test_contracts_capability.py,ok,251,24
tests/test_contracts_common.py,ok,183,15
tests/test_contracts_defect.py,ok,84,8
tests/test_contracts_learning.py,ok,75,9
tests/test_contracts_protection.py,ok,72,7
tests/test_contracts_review.py,ok,124,14
tests/test_contracts_review_blockers.py,ok,453,41
tests/test_contracts_trusted_execution.py,ok,100,5
tests/test_contracts_verdict.py,ok,77,9
tests/test_conversion_transaction.py,ok,116,10
tests/test_cost_ledger.py,ok,80,7
tests/test_creation_engine.py,ok,98,5
tests/test_creation_prompt_contracts.py,ok,59,6
tests/test_creative_autopilot.py,ok,178,6
tests/test_creative_composition.py,ok,428,10
tests/test_creative_manifest.py,ok,239,8
tests/test_crop_rotation.py,ok,71,6
tests/test_design_guardrails.py,ok,138,16
tests/test_design_quality_fallback.py,ok,153,12
tests/test_doctor.py,ok,472,43
tests/test_doctor_migrations.py,ok,56,6
tests/test_e2e.py,ok,201,10
tests/test_editorial.py,ok,261,21
tests/test_effects_engine.py,ok,272,20
tests/test_engine.py,ok,775,76
tests/test_engine_advanced.py,ok,1419,149
tests/test_engine_composite_layers.py,ok,1214,61
tests/test_engine_composite_layers_effects.py,ok,284,16
tests/test_engine_edge_cases.py,ok,204,12
tests/test_engine_filters.py,ok,209,29
tests/test_engine_glitch.py,ok,446,51
tests/test_engine_overlay.py,ok,34,2
tests/test_engine_progress_callbacks.py,ok,102,9
tests/test_engine_trim_end.py,ok,84,9
tests/test_errors.py,ok,308,47
tests/test_ffmpeg_filter_path.py,ok,97,11
tests/test_ffmpeg_helpers.py,ok,292,27
tests/test_ffmpeg_runner_contract.py,ok,74,6
tests/test_ffmpeg_stderr_sink.py,ok,58,5
tests/test_filter_guardrails.py,ok,59,13
tests/test_finish_campaign.py,ok,119,9
tests/test_forgejo_sync.py,ok,647,41
tests/test_forgejo_workflows.py,ok,97,7
tests/test_g004_and_mcpb_product.py,ok,421,16
tests/test_g006_identity_acceptance_remediation.py,ok,427,18
tests/test_golden_path.py,ok,439,34
tests/test_graphics_recipe.py,ok,843,48
tests/test_highlight_discovery_core.py,ok,322,25
tests/test_highlight_discovery_enrichment.py,ok,124,10
tests/test_hyperframes_client_contracts.py,ok,43,3
tests/test_hyperframes_engine.py,ok,1773,117
tests/test_hyperframes_output_contracts.py,ok,74,6
tests/test_image_engine.py,ok,307,27
tests/test_inspection_manifest.py,ok,225,14
tests/test_inspection_motion_strip.py,ok,91,5
tests/test_inspection_providers.py,ok,464,23
tests/test_inspection_samplers.py,ok,137,10
tests/test_inspection_surfaces.py,ok,484,20
tests/test_inspection_temporal_checks.py,ok,525,29
tests/test_integrator_effects_quality.py,ok,133,10
tests/test_integrator_fixes.py,ok,179,10
tests/test_intent_surface.py,ok,99,8
tests/test_kinocut_distribution.py,ok,418,19
tests/test_kinocut_sound_authorization.py,ok,66,3
tests/test_kinocut_sound_authorization_audit.py,ok,180,6
tests/test_kinocut_sound_authorization_hardening.py,ok,312,11
tests/test_kinocut_sound_authorization_runtime.py,ok,278,7
tests/test_kinocut_sound_authorization_strict.py,ok,226,10
tests/test_kinocut_sound_benchmark_s14.py,ok,142,9
tests/test_kinocut_sound_canonical.py,ok,195,15
tests/test_kinocut_sound_capability.py,ok,155,7
tests/test_kinocut_sound_centralization.py,ok,455,17
tests/test_kinocut_sound_consent.py,ok,172,9
tests/test_kinocut_sound_delivery.py,ok,103,7
tests/test_kinocut_sound_episode_assembly.py,ok,290,11
tests/test_kinocut_sound_episode_assembly_review.py,ok,371,16
tests/test_kinocut_sound_format.py,ok,109,9
tests/test_kinocut_sound_ingress_security_review.py,ok,200,21
tests/test_kinocut_sound_integration.py,ok,282,8
tests/test_kinocut_sound_joins_s13.py,ok,162,8
tests/test_kinocut_sound_lines.py,ok,101,6
tests/test_kinocut_sound_mix.py,ok,221,14
tests/test_kinocut_sound_plan.py,ok,226,18
tests/test_kinocut_sound_post_batch.py,ok,173,10
tests/test_kinocut_sound_post_chain.py,ok,174,16
tests/test_kinocut_sound_post_stages.py,ok,297,28
tests/test_kinocut_sound_public.py,ok,99,6
tests/test_kinocut_sound_qa.py,ok,89,7
tests/test_kinocut_sound_receipt.py,ok,374,14
tests/test_kinocut_sound_render_fingerprint.py,ok,122,6
tests/test_kinocut_sound_routing.py,ok,168,10
tests/test_kinocut_sound_s15_stop.py,ok,58,4
tests/test_kinocut_sound_s3_final_review.py,ok,266,9
tests/test_kinocut_sound_s3_hardening.py,ok,329,19
tests/test_kinocut_sound_s3_policy.py,ok,488,32
tests/test_kinocut_sound_s3_review.py,ok,658,45
tests/test_kinocut_sound_script_limits.py,ok,41,1
tests/test_kinocut_sound_script_parser.py,ok,146,7
tests/test_kinocut_sound_script_parser_review.py,ok,761,37
tests/test_kinocut_sound_timeline.py,ok,126,10
tests/test_kinocut_sound_voice_batch.py,ok,440,27
tests/test_kinocut_sound_voice_blend.py,ok,490,17
tests/test_kinocut_sound_voice_clone.py,ok,589,22
tests/test_kinocut_sound_voice_consistency.py,ok,547,35
tests/test_kinocut_sound_voice_local_adapter.py,ok,341,23
tests/test_kinocut_sound_voice_package.py,ok,62,6
tests/test_kinocut_sound_voice_pronunciation.py,ok,146,14
tests/test_kinocut_sound_voice_prosody.py,ok,127,10
tests/test_kinocut_sound_voice_roster.py,ok,173,14
tests/test_kinocut_sound_world_audition.py,ok,115,6
tests/test_kinocut_sound_world_catalog.py,ok,197,12
tests/test_kinocut_sound_world_d41_port.py,ok,146,7
tests/test_kinocut_sound_world_determinism.py,ok,184,8
tests/test_kinocut_sound_world_foley.py,ok,152,7
tests/test_kinocut_sound_world_layers.py,ok,140,8
tests/test_kinocut_sound_world_loop.py,ok,140,6
tests/test_kinocut_sound_world_presets.py,ok,109,7
tests/test_launch_remediation.py,ok,173,15
tests/test_layout_guardrails.py,ok,53,3
tests/test_lazy_package_import.py,ok,86,8
tests/test_learning_advice.py,ok,91,9
tests/test_learning_outcomes.py,ok,84,8
tests/test_learning_recipe.py,ok,60,7
tests/test_learning_report.py,ok,71,4
tests/test_longform_foundation.py,ok,159,13
tests/test_longform_merge.py,ok,180,12
tests/test_longform_orchestrator.py,ok,174,11
tests/test_longform_planning.py,ok,218,15
tests/test_longform_runtime.py,ok,103,9
tests/test_mcp_entry.py,ok,120,20
tests/test_mcpb_cleanup_probe_phases.py,ok,714,53
tests/test_mcpb_hosted_prerequisites.py,ok,187,10
tests/test_mcpb_native_launcher.py,ok,117,6
tests/test_mcpb_observation.py,ok,207,15
tests/test_mcpb_staged_artifact.py,ok,841,63
tests/test_mcpb_staged_launcher.py,ok,496,28
tests/test_mcpb_supply_chain.py,ok,487,29
tests/test_merge_guardrails.py,ok,76,11
tests/test_misc_coverage.py,ok,267,28
tests/test_models.py,ok,241,21
tests/test_motion_coherence.py,ok,93,9
tests/test_motion_guardrails.py,ok,261,17
tests/test_namespace_routing.py,ok,405,28
tests/test_namespaced_cli.py,ok,32,4
tests/test_next_action.py,ok,56,6
tests/test_noise_reduction_default.py,ok,118,3
tests/test_object_matte_backend.py,ok,430,37
tests/test_object_matte_doctor.py,ok,100,7
tests/test_onboarding_release.py,ok,435,30
tests/test_optimization_lifecycles.py,ok,180,14
tests/test_overlay_guardrails.py,ok,58,13
tests/test_package_models.py,ok,190,22
tests/test_package_writer.py,ok,160,10
tests/test_paths.py,ok,67,11
tests/test_pathsafety_convergence.py,ok,258,18
tests/test_pending_gates_operator.py,ok,92,8
tests/test_perf_regression.py,ok,81,5
tests/test_phase3_watching_go.py,ok,123,8
tests/test_phase4_multipliers_go.py,ok,79,4
tests/test_post_rescue_api.py,ok,170,7
tests/test_post_rescue_public_surface.py,ok,53,1
tests/test_product_config.py,ok,124,9
tests/test_product_finish.py,ok,142,9
tests/test_product_models.py,ok,146,11
tests/test_projectstore_cas.py,ok,52,4
tests/test_projectstore_cas_derived.py,ok,157,14
tests/test_projectstore_cas_gc.py,ok,223,13
tests/test_projectstore_cas_lifecycle.py,ok,394,24
tests/test_projectstore_compat.py,ok,578,20
tests/test_projectstore_disfluency_cuts.py,ok,165,6
tests/test_projectstore_durable_repurpose.py,ok,134,3
tests/test_projectstore_edit_projects.py,ok,309,24
tests/test_projectstore_events.py,ok,519,33
tests/test_projectstore_filelock.py,ok,143,13
tests/test_projectstore_hardening.py,ok,109,7
tests/test_projectstore_ingest.py,ok,88,8
tests/test_projectstore_layout.py,ok,70,7
tests/test_projectstore_migrations.py,ok,171,17
tests/test_projectstore_project_recipes.py,ok,100,4
tests/test_projectstore_render_cancel.py,ok,253,17
tests/test_projectstore_render_jobs.py,ok,274,18
tests/test_projectstore_render_runner.py,ok,370,19
tests/test_projectstore_security.py,ok,515,46
tests/test_projectstore_semantic_indexes.py,ok,190,8
tests/test_projectstore_store.py,ok,114,10
tests/test_projectstore_threat_model.py,ok,26,2
tests/test_public_claims.py,ok,396,25
tests/test_public_surface.py,ok,569,35
tests/test_quality_cache_lifecycle.py,ok,124,9
tests/test_quality_guardrails.py,ok,729,46
tests/test_quality_signalstats_bitdepth.py,ok,162,9
tests/test_r1_capabilities.py,ok,34,1
tests/test_r1_intent_envelope.py,ok,25,1
tests/test_r1_policy_registry.py,ok,78,4
tests/test_r1_preview_diff.py,ok,33,1
tests/test_r1_synthetic_extension.py,ok,52,1
tests/test_r1_verifier_registry.py,ok,25,3
tests/test_real_media.py,ok,490,21
tests/test_receipt_ai_video.py,ok,359,30
tests/test_receipt_backward_readers.py,ok,261,13
tests/test_receipt_privacy.py,ok,163,9
tests/test_red_team.py,ok,466,47
tests/test_reframe_render_receipts.py,ok,127,5
tests/test_registry_contracts.py,ok,251,29
tests/test_registry_duplicate.py,ok,77,7
tests/test_registry_lineage.py,ok,169,14
tests/test_registry_query.py,ok,514,28
tests/test_registry_store.py,ok,444,21
tests/test_remote_adapters.py,ok,306,11
tests/test_remote_egress.py,ok,178,7
tests/test_remove_background_dispatcher.py,ok,299,24
tests/test_render_dag_compiler.py,ok,214,14
tests/test_render_dag_integration.py,ok,362,21
tests/test_render_dag_limits.py,ok,37,3
tests/test_render_dag_schema.py,ok,277,20
tests/test_render_dag_validation.py,ok,384,29
tests/test_render_record.py,ok,49,1
tests/test_repurpose.py,ok,54,3
tests/test_repurpose_skill_demo.py,ok,106,5
tests/test_rescue_analyzer.py,ok,61,4
tests/test_rescue_capabilities.py,ok,55,4
tests/test_rescue_e2e.py,ok,335,14
tests/test_rescue_e2e_collection.py,ok,19,1
tests/test_rescue_fixture_compat.py,ok,22,2
tests/test_rescue_inspector.py,ok,104,4
tests/test_rescue_models.py,ok,147,11
tests/test_rescue_operations.py,ok,120,10
tests/test_rescue_planner.py,ok,141,9
tests/test_rescue_policy.py,ok,88,7
tests/test_rescue_renderer.py,ok,419,27
tests/test_rescue_surfaces.py,ok,264,15
tests/test_rescue_verifier.py,ok,59,4
tests/test_restorative_contracts.py,ok,105,7
tests/test_restorative_evaluators.py,ok,334,16
tests/test_revideo_engine.py,ok,515,53
tests/test_revideo_format.py,ok,217,13
tests/test_revideo_surfaces.py,ok,282,17
tests/test_revideo_transaction.py,ok,538,42
tests/test_review_ledger.py,ok,223,17
tests/test_runner.py,ok,90,15
tests/test_safe_tool_envelope.py,ok,26,2
tests/test_secret_scan.py,ok,99,9
tests/test_selection_golden_ssim.py,ok,53,1
tests/test_self_overwrite_guard.py,ok,135,11
tests/test_semantic_edl.py,ok,141,5
tests/test_semantic_generators.py,ok,132,3
tests/test_semantic_index.py,ok,76,3
tests/test_semantic_surface.py,ok,75,3
tests/test_semantic_timeline.py,ok,169,4
tests/test_server.py,ok,1142,134
tests/test_server_tools_composite_layers.py,ok,51,4
tests/test_server_tools_glitch.py,ok,360,51
tests/test_server_tools_glitch_shader.py,ok,267,27
tests/test_server_tools_media.py,ok,378,50
tests/test_shorts_package.py,ok,116,5
tests/test_shorts_plan.py,ok,110,9
tests/test_shorts_render.py,ok,146,8
tests/test_shorts_render_path_safety.py,ok,85,3
tests/test_shorts_review.py,ok,143,8
tests/test_smart_thumbnail.py,ok,241,21
tests/test_sound_asr_cancellation.py,ok,75,7
tests/test_sound_asr_compare.py,ok,68,5
tests/test_sound_asr_failures.py,ok,117,10
tests/test_sound_asr_public.py,ok,109,7
tests/test_sound_asr_runtime.py,ok,64,4
tests/test_sound_asr_transports.py,ok,57,2
tests/test_sound_automation_compatibility.py,ok,39,1
tests/test_sound_automation_curves.py,ok,86,9
tests/test_sound_automation_guards.py,ok,157,11
tests/test_sound_automation_public.py,ok,147,11
tests/test_sound_automation_transports.py,ok,89,5
tests/test_sound_bus_sidechain_compatibility.py,ok,68,1
tests/test_sound_bus_sidechain_core.py,ok,91,7
tests/test_sound_bus_sidechain_guards.py,ok,122,7
tests/test_sound_bus_sidechain_transports.py,ok,69,2
tests/test_sound_bus_sidechains_public.py,ok,170,13
tests/test_sound_ci_coverage.py,ok,44,4
tests/test_sound_conversion_manifest.py,ok,99,6
tests/test_sound_crossfade_transitions.py,ok,158,11
tests/test_sound_dub_failures.py,ok,188,19
tests/test_sound_dub_render.py,ok,241,15
tests/test_sound_dub_requests.py,ok,86,6
tests/test_sound_layer_compatibility.py,ok,60,2
tests/test_sound_layer_ducking_compatibility.py,ok,56,1
tests/test_sound_layer_ducking_guards.py,ok,100,4
tests/test_sound_layer_ducking_pcm.py,ok,117,9
tests/test_sound_layer_ducking_public.py,ok,94,7
tests/test_sound_layer_ducking_transports.py,ok,94,5
tests/test_sound_layer_ducking_work.py,ok,75,5
tests/test_sound_layer_fill.py,ok,63,4
tests/test_sound_layer_guards.py,ok,237,14
tests/test_sound_layer_transports.py,ok,149,8
tests/test_sound_layers_public.py,ok,152,9
tests/test_sound_loudness_encoded.py,ok,119,8
tests/test_sound_loudness_public.py,ok,138,10
tests/test_sound_master_cancellation.py,ok,74,5
tests/test_sound_master_failures.py,ok,111,8
tests/test_sound_master_public.py,ok,132,8
tests/test_sound_master_transports.py,ok,58,2
tests/test_sound_mastering_accuracy.py,ok,76,3
tests/test_sound_measured_loudness.py,ok,73,7
tests/test_sound_meter_process.py,ok,145,11
tests/test_sound_meter_validation.py,ok,66,6
tests/test_sound_numeric_guards.py,ok,78,5
tests/test_sound_numeric_public.py,ok,145,11
tests/test_sound_paid_disposition.py,ok,289,18
tests/test_sound_process_sink.py,ok,35,2
tests/test_sound_public_mix.py,ok,336,22
tests/test_sound_rate_conversion_backend.py,ok,65,3
tests/test_sound_rate_conversion_cancellation.py,ok,71,4
tests/test_sound_rate_conversion_composition.py,ok,87,4
tests/test_sound_rate_conversion_failures.py,ok,115,7
tests/test_sound_rate_conversion_guards.py,ok,69,6
tests/test_sound_rate_conversion_public.py,ok,108,7
tests/test_sound_rate_conversion_shape.py,ok,43,2
tests/test_sound_rate_conversion_transports.py,ok,60,2
tests/test_sound_routing_guards.py,ok,205,12
tests/test_sound_routing_transports.py,ok,81,3
tests/test_sound_send_compatibility.py,ok,68,1
tests/test_sound_send_graph.py,ok,144,11
tests/test_sound_send_guards.py,ok,170,10
tests/test_sound_send_transports.py,ok,104,5
tests/test_sound_sends_public.py,ok,89,7
tests/test_sound_source_windows.py,ok,144,11
tests/test_sound_source_windows_public.py,ok,94,3
tests/test_sound_speech_spatial_compatibility.py,ok,55,3
tests/test_sound_speech_spatial_dsp.py,ok,37,2
tests/test_sound_speech_spatial_failures.py,ok,125,10
tests/test_sound_speech_spatial_public.py,ok,32,2
tests/test_sound_speech_spatial_transports.py,ok,81,3
tests/test_sound_static_routing.py,ok,193,15
tests/test_sound_stereo_master_transports.py,ok,109,3
tests/test_sound_stereo_mastering.py,ok,225,13
tests/test_sound_stereo_mix.py,ok,190,15
tests/test_sound_stereo_transports.py,ok,58,2
tests/test_sound_timeline_roundoff.py,ok,43,5
tests/test_sound_wav_contract.py,ok,58,6
tests/test_sound_whole_field_compatibility.py,ok,103,6
tests/test_sound_whole_field_models.py,ok,162,8
tests/test_sound_worker_cancel_phases.py,ok,88,7
tests/test_sound_worker_cancellation.py,ok,140,11
tests/test_sound_worker_compatibility.py,ok,77,1
tests/test_sound_worker_ipc.py,ok,91,10
tests/test_sound_worker_pipes.py,ok,168,20
tests/test_source_identity.py,ok,156,13
tests/test_sphere_assembly.py,ok,256,15
tests/test_ssim_adversarial_pin.py,ok,46,3
tests/test_stdio_guard_probes.py,ok,153,10
tests/test_still_plates.py,ok,420,23
tests/test_subprocess_stdin_contract.py,ok,39,1
tests/test_subtitle_capture.py,ok,60,3
tests/test_subtitle_qa.py,ok,845,46
tests/test_subtitles_ass_and_dimension.py,ok,767,59
tests/test_subtitles_eof.py,ok,437,43
tests/test_te_and_mutations.py,ok,185,13
tests/test_templates.py,ok,202,26
tests/test_tier1_regressions.py,ok,253,19
tests/test_tier4_features.py,ok,124,12
tests/test_timeline_ir.py,ok,184,15
tests/test_tool_discovery.py,ok,78,7
tests/test_track_e_go.py,ok,62,3
tests/test_transitions.py,ok,85,4
tests/test_trim_accurate_seek.py,ok,56,4
tests/test_verify_published_claims_live.py,ok,115,11
tests/test_vision_assessment_status.py,ok,91,6
tests/test_visual_intelligence_analysis.py,ok,203,6
tests/test_visual_intelligence_reframe.py,ok,270,6
tests/test_visual_intelligence_stabilization.py,ok,124,4
tests/test_visual_intelligence_verification.py,ok,125,4
tests/test_voice_seam.py,ok,666,59
tests/test_wave3_public_boundaries.py,ok,123,3
tests/test_wave3_surfaces.py,ok,806,29
tests/test_waveform_measurements.py,ok,110,8
tests/test_windows_collection_ci.py,ok,397,36
tests/test_winners_bundle.py,ok,577,60
tests/test_wishlist_depth_closeout.py,ok,224,12
tests/test_wishlist_end_to_end.py,ok,296,10
tests/test_workflow_burn_in_crop.py,ok,347,28
tests/test_workflow_cli.py,ok,73,5
tests/test_workflow_client.py,ok,65,6
tests/test_workflow_composite.py,ok,331,23
tests/test_workflow_executor.py,ok,476,23
tests/test_workflow_failclosed.py,ok,169,10
tests/test_workflow_golden.py,ok,217,12
tests/test_workflow_inspect.py,ok,301,22
tests/test_workflow_planner.py,ok,346,24
tests/test_workflow_receipt_lineage.py,ok,422,25
tests/test_workflow_resume.py,ok,305,16
tests/test_workflow_security.py,ok,356,29
tests/test_workflow_server_tool.py,ok,93,7
tests/test_workflow_spec.py,ok,470,33
tests/test_workflow_variants.py,ok,639,42
workflows/01-social-media-clip/shorts_workflow_legacy.py,ok,138,1
workflows/01-social-media-clip/workflow.py,ok,93,1
workflows/02-podcast-clip/workflow.py,ok,126,9
workflows/03-explainer-video/workflow.py,ok,364,15
workflows/04-hyperframes-video/workflow.py,ok,105,2
workflows/05-confidence-baseline/workflow.py,ok,350,9
workflows/06-repurpose-package/workflow.py,ok,185,6
workflows/benchmarks/run_adversarial_certification.py,ok,165,8
workflows/benchmarks/run_confidence_benchmark.py,ok,122,6
