path,deterministic,prose_llm,traditional_ml
kinocut/__init__.py,3491,0,0
kinocut/__main__.py,5845,0,0
kinocut/_crush_shader/render_frames.mjs,6684,0,0
kinocut/_mcpb_observation.py,2004,0,0
kinocut/aesthetic/__init__.py,1978,0,1923
kinocut/aesthetic/smart_thumbnail.py,2735,0,0
kinocut/ai_engine/__init__.py,6714,0,0
kinocut/ai_engine/_longform_merge.py,5897,0,0
kinocut/ai_engine/_longform_models.py,3603,0,0
kinocut/ai_engine/_longform_planning.py,3221,0,0
kinocut/ai_engine/_longform_runtime.py,791,0,1019
kinocut/ai_engine/_longform_validation.py,2366,0,0
kinocut/ai_engine/color.py,4367,0,0
kinocut/ai_engine/download.py,9828,0,0
kinocut/ai_engine/scene.py,2896,0,0
kinocut/ai_engine/silence.py,8066,0,0
kinocut/ai_engine/spatial.py,4508,0,0
kinocut/ai_engine/stem.py,2155,0,819
kinocut/ai_engine/transcribe.py,3841,0,1250
kinocut/ai_engine/transcribe_longform.py,5714,0,0
kinocut/ai_engine/upscale.py,6084,0,2663
kinocut/aivideo/__init__.py,115,0,0
kinocut/aivideo/benchmark.py,2404,0,0
kinocut/aivideo/editorial.py,4219,0,0
kinocut/aivideo/graphics_recipe.py,13954,0,0
kinocut/aivideo/graphics_recipe_checks.py,10055,0,0
kinocut/aivideo/ingest.py,548,0,0
kinocut/aivideo/inspection/__init__.py,0,0,0
kinocut/aivideo/inspection/manifest.py,4568,0,0
kinocut/aivideo/inspection/motion_coherence.py,4790,0,0
kinocut/aivideo/inspection/motion_strip.py,2228,0,0
kinocut/aivideo/inspection/providers.py,9898,0,0
kinocut/aivideo/inspection/samplers.py,6254,0,0
kinocut/aivideo/inspection/temporal_checks.py,17942,0,0
kinocut/aivideo/learning/__init__.py,781,0,0
kinocut/aivideo/learning/advice.py,2714,0,0
kinocut/aivideo/learning/cost.py,1476,0,0
kinocut/aivideo/learning/outcomes.py,1277,0,0
kinocut/aivideo/learning/project_recipes.py,5414,0,0
kinocut/aivideo/learning/recipes.py,901,0,0
kinocut/aivideo/learning/report.py,1648,0,0
kinocut/aivideo/preflight.py,7076,0,0
kinocut/aivideo/protection.py,8382,0,0
kinocut/aivideo/release_surfaces.py,3363,0,0
kinocut/aivideo/review.py,5340,0,0
kinocut/aivideo/salvage.py,14356,0,0
kinocut/aivideo/salvage_checks.py,7245,0,0
kinocut/aivideo/salvage_lineage.py,6388,0,0
kinocut/aivideo/salvage_render.py,3859,0,0
kinocut/aivideo/subtitle_qa.py,15992,0,0
kinocut/aivideo/subtitle_qa_validation.py,2617,0,0
kinocut/aivideo/surfaces.py,10385,0,0
kinocut/aivideo/verdict.py,9456,0,0
kinocut/aivideo/voice_seam.py,15954,0,0
kinocut/aivideo/wave3_surfaces.py,10108,0,0
kinocut/atomic_publication.py,3311,0,0
kinocut/audio_bed_validation.py,2975,0,0
kinocut/audio_engine/__init__.py,2143,0,0
kinocut/audio_engine/_legacy_core.py,13508,0,0
kinocut/audio_engine/audition.py,7445,0,0
kinocut/audio_engine/core.py,15304,0,0
kinocut/audio_engine/integrations/__init__.py,31,0,0
kinocut/audio_engine/integrations/basic_pitch_bridge.py,418,0,1306
kinocut/audio_engine/integrations/librosa_bridge.py,2276,0,0
kinocut/audio_engine/integrations/meltysynth_bridge.py,2804,0,0
kinocut/audio_engine/integrations/soundfile_bridge.py,1691,0,0
kinocut/audio_engine/presets.py,5309,0,0
kinocut/audio_engine/sequencing.py,13782,0,0
kinocut/audio_engine/synthesis.py,7508,0,0
kinocut/audio_guardrails.py,1188,0,0
kinocut/c2pa.py,4877,0,0
kinocut/capability_report.py,2007,0,0
kinocut/cli/__init__.py,0,0,0
kinocut/cli/common.py,1354,0,0
kinocut/cli/formatting.py,25474,0,0
kinocut/cli/handlers_advanced.py,2867,0,0
kinocut/cli/handlers_ai.py,3082,0,0
kinocut/cli/handlers_aivideo.py,1496,0,0
kinocut/cli/handlers_audio.py,3824,0,0
kinocut/cli/handlers_composition.py,3093,0,0
kinocut/cli/handlers_core.py,5745,0,0
kinocut/cli/handlers_effects.py,2464,0,0
kinocut/cli/handlers_hyperframes.py,7461,0,0
kinocut/cli/handlers_image.py,3675,0,0
kinocut/cli/handlers_inspection.py,1147,0,0
kinocut/cli/handlers_intent.py,7411,0,0
kinocut/cli/handlers_media.py,6895,0,0
kinocut/cli/handlers_postrescue.py,1110,0,0
kinocut/cli/handlers_release.py,1636,0,0
kinocut/cli/handlers_rescue.py,1069,0,0
kinocut/cli/handlers_revideo.py,2206,0,0
kinocut/cli/handlers_shorts.py,1619,0,0
kinocut/cli/handlers_sound.py,3710,0,0
kinocut/cli/handlers_transitions.py,1365,0,0
kinocut/cli/handlers_workflow.py,1229,0,0
kinocut/cli/namespaces.py,2092,0,0
kinocut/cli/parser/__init__.py,2085,0,0
kinocut/cli/parser/advanced.py,4341,0,0
kinocut/cli/parser/ai.py,4429,0,0
kinocut/cli/parser/aivideo.py,1410,0,0
kinocut/cli/parser/audio.py,6579,0,0
kinocut/cli/parser/core.py,4621,0,0
kinocut/cli/parser/effects.py,10215,0,0
kinocut/cli/parser/hyperframes.py,9394,0,0
kinocut/cli/parser/image.py,3982,0,0
kinocut/cli/parser/inspection.py,879,0,0
kinocut/cli/parser/intent.py,5267,0,0
kinocut/cli/parser/layout.py,5181,0,0
kinocut/cli/parser/media.py,5502,0,0
kinocut/cli/parser/postrescue.py,791,0,0
kinocut/cli/parser/quality.py,2413,0,0
kinocut/cli/parser/release.py,1545,0,0
kinocut/cli/parser/rescue.py,1677,0,0
kinocut/cli/parser/revideo.py,1413,0,0
kinocut/cli/parser/shorts.py,1566,0,0
kinocut/cli/parser/sound.py,2134,0,0
kinocut/cli/parser/workflow.py,1955,0,0
kinocut/cli/quality_formatting.py,2652,0,0
kinocut/cli/rescue_formatting.py,4369,0,0
kinocut/cli/runner.py,2257,0,0
kinocut/client/__init__.py,1047,0,0
kinocut/client/ai.py,2121,0,0
kinocut/client/aivideo.py,1341,0,0
kinocut/client/audio.py,4019,0,0
kinocut/client/base.py,7885,0,0
kinocut/client/contracts.py,15903,0,0
kinocut/client/effects.py,6752,0,0
kinocut/client/hyperframes.py,5165,0,0
kinocut/client/image.py,1844,0,0
kinocut/client/inspection.py,957,0,0
kinocut/client/masks.py,607,0,0
kinocut/client/media.py,13433,0,0
kinocut/client/meta.py,201,0,0
kinocut/client/postrescue.py,1521,0,0
kinocut/client/quality.py,1657,0,0
kinocut/client/release.py,1336,0,0
kinocut/client/rescue.py,864,0,0
kinocut/client/revideo.py,1359,0,0
kinocut/client/shorts.py,1549,0,0
kinocut/client/sound.py,2027,0,0
kinocut/client/sphere.py,786,0,0
kinocut/client/workflow.py,1839,0,0
kinocut/contracts/__init__.py,2164,0,0
kinocut/contracts/_common.py,2607,0,0
kinocut/contracts/_errors.py,527,0,0
kinocut/contracts/_paths.py,647,0,0
kinocut/contracts/acceptance.py,1543,0,0
kinocut/contracts/adapter.py,934,0,0
kinocut/contracts/asset.py,1746,0,0
kinocut/contracts/audio_bed.py,3611,0,0
kinocut/contracts/capability.py,3852,0,0
kinocut/contracts/defect.py,2158,0,0
kinocut/contracts/editorial.py,2511,0,0
kinocut/contracts/learning.py,1590,0,0
kinocut/contracts/protection.py,716,0,0
kinocut/contracts/receipt_ai_video.py,3479,0,0
kinocut/contracts/registry.py,3199,0,0
kinocut/contracts/review.py,6002,0,0
kinocut/contracts/trusted_execution.py,6480,0,0
kinocut/contracts/verdict.py,1290,0,0
kinocut/creation_engine.py,6185,0,0
kinocut/creation_templates/__init__.py,0,0,0
kinocut/creative/__init__.py,2246,0,0
kinocut/creative/autopilot.py,5398,0,0
kinocut/creative/autopilot_models.py,2671,0,0
kinocut/creative/compiler.py,3138,0,0
kinocut/creative/composition.py,8579,0,0
kinocut/creative/composition_models.py,7489,0,0
kinocut/creative/errors.py,227,0,0
kinocut/creative/manifest.py,5208,0,0
kinocut/creative/models.py,6245,0,0
kinocut/creative/preview.py,2628,0,0
kinocut/creative/verification_models.py,1923,0,0
kinocut/creative/verifier.py,6770,0,0
kinocut/defaults.py,7240,0,0
kinocut/design_guardrails.py,9588,0,0
kinocut/design_quality/__init__.py,1599,0,0
kinocut/design_quality/guardrails/__init__.py,104,0,0
kinocut/design_quality/guardrails/analysis.py,3148,0,0
kinocut/design_quality/guardrails/checks.py,8886,0,0
kinocut/design_quality/guardrails/core.py,2517,0,0
kinocut/design_quality/guardrails/fixes.py,1194,0,0
kinocut/design_quality/guardrails/measurements.py,1590,0,0
kinocut/design_quality/guardrails/probe.py,1585,0,0
kinocut/design_quality/guardrails/scoring.py,4206,0,0
kinocut/design_quality/models.py,3483,0,0
kinocut/doctor.py,17406,0,0
kinocut/effects_engine/__init__.py,531,0,0
kinocut/effects_engine/core.py,4202,0,0
kinocut/effects_engine/layout.py,4828,0,0
kinocut/effects_engine/mograph.py,3581,0,0
kinocut/effects_engine/text.py,15693,0,0
kinocut/effects_engine/utility.py,3613,0,0
kinocut/engine.py,4493,0,0
kinocut/engine_advanced_mask.py,3161,0,0
kinocut/engine_audio_bed.py,16175,0,0
kinocut/engine_audio_bed_filters.py,3094,0,0
kinocut/engine_audio_mix.py,6474,0,0
kinocut/engine_audio_normalize.py,7717,0,0
kinocut/engine_audio_normalize_output.py,1437,0,0
kinocut/engine_audio_ops.py,10948,0,0
kinocut/engine_audio_validation.py,725,0,0
kinocut/engine_audio_waveform.py,5636,0,0
kinocut/engine_batch.py,4871,0,0
kinocut/engine_body_swap.py,14988,0,0
kinocut/engine_chroma_key.py,1672,0,0
kinocut/engine_compare_quality.py,3166,0,0
kinocut/engine_composite_layers.py,21703,0,0
kinocut/engine_composite_layers_blend.py,3261,0,0
kinocut/engine_composite_layers_effects.py,5503,0,0
kinocut/engine_composite_layers_publication.py,1610,0,0
kinocut/engine_composite_layers_rotate.py,2603,0,0
kinocut/engine_composite_layers_source.py,2963,0,0
kinocut/engine_convert.py,6812,0,0
kinocut/engine_crop.py,2718,0,0
kinocut/engine_detect_scenes.py,2157,0,0
kinocut/engine_edit.py,3351,0,0
kinocut/engine_export.py,1107,0,0
kinocut/engine_extract_audio.py,917,0,0
kinocut/engine_fade.py,2159,0,0
kinocut/engine_filters.py,6813,0,0
kinocut/engine_frames.py,1258,0,0
kinocut/engine_glitch.py,10337,0,0
kinocut/engine_glitch_shader.py,6771,0,0
kinocut/engine_hls.py,2975,0,0
kinocut/engine_images.py,2818,0,0
kinocut/engine_mask.py,1786,0,0
kinocut/engine_media_timeline.py,4800,0,0
kinocut/engine_merge.py,8412,0,0
kinocut/engine_metadata.py,2268,0,0
kinocut/engine_overlay.py,4847,0,0
kinocut/engine_preview.py,1232,0,0
kinocut/engine_probe.py,5344,0,0
kinocut/engine_repurpose.py,5442,0,0
kinocut/engine_resize.py,2947,0,0
kinocut/engine_reverse.py,1013,0,0
kinocut/engine_rotate.py,1365,0,0
kinocut/engine_runtime_utils.py,4667,0,0
kinocut/engine_speed.py,2078,0,0
kinocut/engine_split_screen.py,3226,0,0
kinocut/engine_stabilize.py,2478,0,0
kinocut/engine_storyboard.py,2357,0,0
kinocut/engine_subtitle_generate.py,3778,0,0
kinocut/engine_subtitles.py,2911,0,0
kinocut/engine_text.py,6191,0,0
kinocut/engine_thumbnail.py,1516,0,0
kinocut/engine_timeline.py,11764,0,0
kinocut/engine_transcode.py,557,0,0
kinocut/engine_watermark.py,2049,0,0
kinocut/errors.py,10291,0,0
kinocut/ffmpeg_helpers.py,12611,0,0
kinocut/ffmpeg_progress.py,2812,0,0
kinocut/filter_guardrails.py,958,0,0
kinocut/font_manager.py,4430,0,0
kinocut/hyperframes_engine.py,12480,0,0
kinocut/hyperframes_models.py,1776,0,0
kinocut/hyperframes_ops.py,15209,0,0
kinocut/hyperframes_ops_helpers.py,7120,0,0
kinocut/image_engine.py,5806,119,1292
kinocut/image_models.py,583,0,0
kinocut/intent/__init__.py,453,0,0
kinocut/intent/broll.py,1791,0,0
kinocut/intent/caption_translate.py,2950,0,0
kinocut/intent/language_coverage.py,1515,0,0
kinocut/intent/router.py,1637,0,0
kinocut/intent/verbs.py,2021,0,0
kinocut/limits.py,2530,0,0
kinocut/merge_guardrails.py,1523,0,0
kinocut/models.py,10718,0,0
kinocut/multipliers/__init__.py,444,0,0
kinocut/multipliers/generative.py,3824,0,0
kinocut/multipliers/otio_io.py,5589,0,0
kinocut/multipliers/review_ui.py,1979,0,0
kinocut/multipliers/tts_dub.py,2331,0,0
kinocut/next_action.py,907,0,0
kinocut/object_matte/__init__.py,126,0,0
kinocut/object_matte/api.py,7112,0,0
kinocut/object_matte/encode.py,1491,0,0
kinocut/object_matte/equipment.py,2413,0,0
kinocut/object_matte/infer.py,1743,0,287
kinocut/object_matte/media.py,6275,0,0
kinocut/object_matte/runtime.py,1278,0,228
kinocut/object_matte/temporal.py,859,0,0
kinocut/object_matte/weights.py,2328,0,0
kinocut/paths.py,598,0,0
kinocut/postrescue.py,5826,0,0
kinocut/product/__init__.py,894,0,0
kinocut/product/captions.py,10610,0,0
kinocut/product/clip_pipeline.py,5451,0,0
kinocut/product/config.py,4354,0,0
kinocut/product/highlight_discovery.py,7129,0,0
kinocut/product/models.py,4098,0,0
kinocut/product/package.py,8478,0,0
kinocut/product/package_models.py,3971,0,0
kinocut/product/selection_evidence.py,2009,0,0
kinocut/product/shorts_package.py,4211,0,0
kinocut/product/shorts_plan.py,8536,0,0
kinocut/product/shorts_render.py,8627,0,0
kinocut/product/shorts_review.py,5994,0,0
kinocut/projectstore/__init__.py,2358,0,0
kinocut/projectstore/_filelock.py,1599,0,0
kinocut/projectstore/_migrations.py,1645,0,0
kinocut/projectstore/artifacts.py,1198,0,0
kinocut/projectstore/cas.py,3079,0,0
kinocut/projectstore/cas_derived.py,1610,0,0
kinocut/projectstore/cas_gc.py,5373,0,0
kinocut/projectstore/cas_lifecycle.py,5411,0,0
kinocut/projectstore/compat.py,15148,0,0
kinocut/projectstore/disfluency_cuts.py,4232,0,0
kinocut/projectstore/edit_projects.py,9474,0,0
kinocut/projectstore/event_retention.py,2239,0,0
kinocut/projectstore/events.py,7846,0,0
kinocut/projectstore/ingest.py,5094,0,0
kinocut/projectstore/layout.py,2492,0,0
kinocut/projectstore/render_control.py,1740,0,0
kinocut/projectstore/render_jobs.py,13704,0,0
kinocut/projectstore/render_runner.py,3682,0,0
kinocut/projectstore/repurpose.py,3778,0,0
kinocut/projectstore/semantic_indexes.py,5004,0,0
kinocut/projectstore/store.py,14672,0,0
kinocut/publication_windows.py,1593,0,0
kinocut/quality_guardrail_checks.py,4420,0,0
kinocut/quality_guardrail_types.py,527,0,0
kinocut/quality_guardrails.py,15644,0,0
kinocut/quality_signal_domain.py,981,0,0
kinocut/quality_signal_reader.py,6473,0,0
kinocut/quality_signal_windows.py,1327,0,0
kinocut/quality_source.py,2232,0,0
kinocut/receipts_ai_video.py,952,0,0
kinocut/registry/__init__.py,751,0,0
kinocut/registry/_duplicate.py,1468,0,0
kinocut/registry/_lineage.py,3016,0,0
kinocut/registry/_query.py,5243,0,0
kinocut/registry/_store.py,3209,0,0
kinocut/remote/__init__.py,1488,0,0
kinocut/remote/adapters.py,4078,0,0
kinocut/remote/api.py,4131,0,0
kinocut/remote/contracts.py,8368,0,0
kinocut/remote/jobs.py,10973,0,0
kinocut/render_dag/__init__.py,629,0,0
kinocut/render_dag/compiler.py,4891,0,0
kinocut/render_dag/schema.py,4105,0,0
kinocut/render_dag/validation.py,7115,0,0
kinocut/rescue/__init__.py,769,0,0
kinocut/rescue/_errors.py,2047,0,0
kinocut/rescue/analyzer.py,9702,0,0
kinocut/rescue/capabilities.py,2980,0,0
kinocut/rescue/inspector.py,4337,0,0
kinocut/rescue/models.py,12251,0,0
kinocut/rescue/operations.py,5010,0,0
kinocut/rescue/planner.py,7718,0,0
kinocut/rescue/policy.py,2463,0,0
kinocut/rescue/r1/__init__.py,713,0,0
kinocut/rescue/r1/capabilities.py,661,0,0
kinocut/rescue/r1/models.py,3924,0,0
kinocut/rescue/r1/policy_registry.py,2890,0,0
kinocut/rescue/r1/preview_diff.py,818,0,0
kinocut/rescue/r1/verifier_registry.py,1246,0,0
kinocut/rescue/renderer.py,21185,0,0
kinocut/rescue/verifier.py,10027,0,0
kinocut/restorative/__init__.py,1195,0,0
kinocut/restorative/api.py,2087,0,0
kinocut/restorative/contracts.py,5976,0,0
kinocut/restorative/evaluators.py,8855,0,0
kinocut/restorative/evidence.py,3377,0,0
kinocut/revideo_engine.py,22576,0,0
kinocut/revideo_models.py,1066,0,0
kinocut/revideo_template/render.mjs,1004,0,0
kinocut/revideo_template/src/project.ts,213,0,0
kinocut/revideo_template/src/scene.ts,1263,0,0
kinocut/semantic/__init__.py,412,0,0
kinocut/semantic/disfluency.py,5441,0,0
kinocut/semantic/edl.py,20301,0,0
kinocut/semantic/generators.py,6169,0,0
kinocut/semantic/index.py,7430,0,0
kinocut/semantic/models.py,10963,0,0
kinocut/semantic/timeline.py,2424,0,0
kinocut/server.py,6119,0,0
kinocut/server_app.py,2510,322,0
kinocut/server_facade_exports.py,1683,0,0
kinocut/server_resources.py,1601,263,0
kinocut/server_tool_contracts.py,2255,0,0
kinocut/server_tools_advanced.py,10982,8399,0
kinocut/server_tools_ai.py,6936,3580,0
kinocut/server_tools_aivideo.py,1456,313,0
kinocut/server_tools_audio.py,8180,6243,0
kinocut/server_tools_basic.py,10289,9129,0
kinocut/server_tools_creation.py,766,920,0
kinocut/server_tools_effects.py,11609,6692,0
kinocut/server_tools_glitch.py,5929,4268,0
kinocut/server_tools_glitch_shader.py,2693,2496,0
kinocut/server_tools_guardrails.py,1161,853,0
kinocut/server_tools_hyperframes.py,9886,4241,0
kinocut/server_tools_image.py,2833,3899,0
kinocut/server_tools_inspection.py,1066,220,0
kinocut/server_tools_intent.py,14084,2549,0
kinocut/server_tools_media.py,10334,8732,0
kinocut/server_tools_postrescue.py,1458,626,0
kinocut/server_tools_release.py,1564,613,0
kinocut/server_tools_repurpose.py,1066,377,0
kinocut/server_tools_rescue.py,945,667,0
kinocut/server_tools_revideo.py,1459,289,0
kinocut/server_tools_shorts.py,1672,295,0
kinocut/server_tools_sound.py,3075,566,0
kinocut/server_tools_workflow.py,1244,6118,0
kinocut/sound_joins/__init__.py,1091,0,0
kinocut/sound_joins/benchmark.py,4750,0,0
kinocut/sound_joins/d41_bind.py,4047,0,0
kinocut/sound_joins/d42_bind.py,2879,0,0
kinocut/sound_joins/loudness.py,4912,0,0
kinocut/sound_joins/scheduler.py,2321,0,0
kinocut/source_identity.py,5466,0,0
kinocut/staged_writers.py,3403,0,0
kinocut/still_plates/__init__.py,246,0,0
kinocut/still_plates/edit.py,3104,0,0
kinocut/still_plates/gate.py,2987,0,0
kinocut/still_plates/grade.py,4620,0,0
kinocut/still_plates/io.py,2452,0,0
kinocut/still_plates/match.py,3014,0,0
kinocut/still_plates/package.py,3212,0,0
kinocut/still_plates/stats.py,2173,0,0
kinocut/subtitles_common.py,3492,0,0
kinocut/subtitles_eof.py,5003,0,0
kinocut/te/__init__.py,1799,0,0
kinocut/te/audiogram.py,706,0,0
kinocut/te/brand_kit.py,1328,0,0
kinocut/te/constraint_solve.py,1348,0,0
kinocut/te/cost_oracle.py,1054,0,0
kinocut/te/cutfile.py,1854,0,0
kinocut/te/cutfile_render.py,7144,0,0
kinocut/te/edit_session.py,3067,0,0
kinocut/te/edl_apply.py,2912,0,0
kinocut/te/goal_cutfile.py,1683,0,0
kinocut/te/hooks.py,1194,0,0
kinocut/te/init_project.py,887,0,0
kinocut/te/publish_connectors.py,1973,0,0
kinocut/te/punch_zoom.py,914,0,0
kinocut/te/receipt_diff.py,1667,0,0
kinocut/te/seek.py,844,0,0
kinocut/te/sphere_assembly.py,2966,0,0
kinocut/te/sphere_director.py,4461,0,0
kinocut/te/sphere_filters.py,599,0,0
kinocut/te/sphere_graph.py,2890,0,0
kinocut/te/sphere_plan.py,8530,0,0
kinocut/te/sphere_probe.py,3870,0,0
kinocut/te/sphere_render.py,3492,0,0
kinocut/te/sphere_storyboard.py,3069,0,0
kinocut/te/timeline_view.py,1576,0,0
kinocut/templates.py,4999,0,0
kinocut/timeline_ir/__init__.py,384,0,0
kinocut/timeline_ir/compiler.py,1991,0,0
kinocut/timeline_ir/schema.py,4472,0,0
kinocut/tool_discovery.py,2501,0,0
kinocut/transitions_engine.py,3812,0,0
kinocut/validation.py,11573,0,0
kinocut/visual_intelligence/__init__.py,1068,0,0
kinocut/visual_intelligence/analysis.py,5649,0,0
kinocut/visual_intelligence/models.py,10161,0,0
kinocut/visual_intelligence/reframe.py,7476,0,0
kinocut/visual_intelligence/reframe_render.py,2994,0,0
kinocut/visual_intelligence/stabilization.py,4659,0,0
kinocut/visual_intelligence/verification.py,4910,0,0
kinocut/watching/__init__.py,562,0,0
kinocut/watching/metrics.py,5559,0,0
kinocut/watching/mutations.py,1823,0,0
kinocut/watching/narrative_qc.py,1335,0,0
kinocut/watching/review.py,2260,0,0
kinocut/watching/vision_qc.py,2996,0,0
kinocut/winners_bundle.py,20445,0,0
kinocut/workflow/__init__.py,1077,0,0
kinocut/workflow/_errors.py,2368,0,0
kinocut/workflow/_versions.py,1547,0,0
kinocut/workflow/composite.py,5953,0,0
kinocut/workflow/executor.py,17408,0,0
kinocut/workflow/inspector.py,7936,0,0
kinocut/workflow/ops.py,4474,0,0
kinocut/workflow/planner.py,5225,0,0
kinocut/workflow/receipt.py,7746,0,0
kinocut/workflow/spec.py,2313,0,0
kinocut/workflow/validator.py,9279,0,0
kinocut/workflow/variants.py,4565,0,0
kinocut_sound/__init__.py,21889,0,0
kinocut_sound/_assembly_integrity.py,1192,0,0
kinocut_sound/_canonical.py,3133,0,0
kinocut_sound/_errors.py,747,0,0
kinocut_sound/_input_bounds.py,2044,0,0
kinocut_sound/_model_boundary.py,940,0,0
kinocut_sound/_process_ownership.py,419,0,0
kinocut_sound/_script_integrity.py,2920,0,0
kinocut_sound/_script_resource_limits.py,1852,0,0
kinocut_sound/_timeline_identity.py,822,0,0
kinocut_sound/authorization.py,19395,0,0
kinocut_sound/authorization_privacy.py,435,0,0
kinocut_sound/capability.py,3917,0,0
kinocut_sound/captions.py,495,0,0
kinocut_sound/consent.py,4783,0,0
kinocut_sound/defaults.py,3073,0,0
kinocut_sound/delivery.py,4273,0,0
kinocut_sound/episode_assembly.py,11279,0,0
kinocut_sound/format.py,1796,0,0
kinocut_sound/limits.py,4723,0,0
kinocut_sound/lines.py,2957,0,0
kinocut_sound/mix/__init__.py,1309,0,0
kinocut_sound/mix/_errors.py,645,0,0
kinocut_sound/mix/_wav.py,3806,0,0
kinocut_sound/mix/automated_routing.py,3311,0,0
kinocut_sound/mix/automation.py,4389,0,0
kinocut_sound/mix/bus_buffers.py,713,0,0
kinocut_sound/mix/bus_sends.py,4620,0,0
kinocut_sound/mix/bus_sidechains.py,3469,0,0
kinocut_sound/mix/crossfade.py,1190,0,0
kinocut_sound/mix/ducking.py,1879,0,0
kinocut_sound/mix/latency.py,844,0,0
kinocut_sound/mix/layer_ducking.py,3309,0,0
kinocut_sound/mix/layer_work.py,763,0,0
kinocut_sound/mix/layers.py,4217,0,0
kinocut_sound/mix/pcm_ops.py,615,0,0
kinocut_sound/mix/placement.py,2224,0,0
kinocut_sound/mix/renderer.py,8185,0,0
kinocut_sound/mix/routing_protocol.py,291,0,0
kinocut_sound/mix/seam.py,293,0,0
kinocut_sound/mix/sent_routing.py,1561,0,0
kinocut_sound/mix/sidechain_routing.py,1882,0,0
kinocut_sound/mix/silence.py,843,0,0
kinocut_sound/mix/source_windows.py,1924,0,0
kinocut_sound/mix/static_routing.py,3875,0,0
kinocut_sound/mix/stems.py,2138,0,0
kinocut_sound/mix/transitions.py,4086,0,0
kinocut_sound/post/__init__.py,1780,0,0
kinocut_sound/post/_errors.py,1112,0,0
kinocut_sound/post/_fixtures.py,8740,0,0
kinocut_sound/post/_subprocess.py,3511,0,0
kinocut_sound/post/batch.py,2362,0,0
kinocut_sound/post/chain.py,3763,0,0
kinocut_sound/post/deess.py,2382,0,0
kinocut_sound/post/denoise.py,3783,0,0
kinocut_sound/post/dynamics.py,2948,0,0
kinocut_sound/post/eq.py,3395,0,0
kinocut_sound/post/loudness.py,3128,0,0
kinocut_sound/post/spatial.py,7636,0,0
kinocut_sound/provider_policy.py,20035,0,0
kinocut_sound/public/__init__.py,869,0,0
kinocut_sound/public/adapters.py,8539,0,0
kinocut_sound/public/asr_bundle.py,1981,0,0
kinocut_sound/public/asr_compare.py,2920,0,0
kinocut_sound/public/asr_input.py,1954,0,0
kinocut_sound/public/asr_job.py,6453,0,0
kinocut_sound/public/asr_request.py,2065,0,0
kinocut_sound/public/asr_resample.py,1553,0,0
kinocut_sound/public/asr_runtime.py,3003,0,0
kinocut_sound/public/asr_worker.py,653,0,1052
kinocut_sound/public/discovery.py,960,0,0
kinocut_sound/public/dub_bundle.py,4991,0,0
kinocut_sound/public/dub_job.py,4925,0,0
kinocut_sound/public/dub_process.py,3080,0,0
kinocut_sound/public/dub_request.py,4233,0,0
kinocut_sound/public/dub_spatial.py,4847,0,0
kinocut_sound/public/loudness_request.py,3273,0,0
kinocut_sound/public/master_bundle.py,3888,0,0
kinocut_sound/public/master_job.py,4956,0,0
kinocut_sound/public/master_render.py,2575,0,0
kinocut_sound/public/master_request.py,2571,0,0
kinocut_sound/public/mix_automation_receipt.py,1719,0,0
kinocut_sound/public/mix_automation_request.py,951,0,0
kinocut_sound/public/mix_conversion_backend.py,3781,0,0
kinocut_sound/public/mix_conversion_job.py,2972,0,0
kinocut_sound/public/mix_conversion_manifest.py,6687,0,0
kinocut_sound/public/mix_conversion_prepare.py,6331,0,0
kinocut_sound/public/mix_conversion_proof.py,2922,0,0
kinocut_sound/public/mix_conversion_shape.py,3337,0,0
kinocut_sound/public/mix_conversion_sources.py,923,0,0
kinocut_sound/public/mix_files.py,3714,0,0
kinocut_sound/public/mix_job.py,8966,0,0
kinocut_sound/public/mix_layer_ducking.py,3363,0,0
kinocut_sound/public/mix_layer_receipt.py,2044,0,0
kinocut_sound/public/mix_process.py,2756,0,0
kinocut_sound/public/mix_process_async.py,3151,0,0
kinocut_sound/public/mix_process_output.py,654,0,0
kinocut_sound/public/mix_request.py,8964,0,0
kinocut_sound/public/mix_request_v2.py,4538,0,0
kinocut_sound/public/mix_request_v3.py,3109,0,0
kinocut_sound/public/mix_request_v4.py,399,0,0
kinocut_sound/public/mix_routing_receipt.py,2041,0,0
kinocut_sound/public/mix_send_request.py,2447,0,0
kinocut_sound/public/mix_sidechain_request.py,1973,0,0
kinocut_sound/public/mix_source_shapes.py,827,0,0
kinocut_sound/public/mix_window_receipt.py,388,0,0
kinocut_sound/public/mix_worker.py,7152,0,0
kinocut_sound/qa/__init__.py,821,0,0
kinocut_sound/qa/_errors.py,392,0,0
kinocut_sound/qa/artifact.py,649,0,0
kinocut_sound/qa/loudness.py,1171,0,0
kinocut_sound/qa/metadata.py,1117,0,0
kinocut_sound/qa/meter.py,3804,0,0
kinocut_sound/qa/meter_process.py,3352,0,0
kinocut_sound/qa/season.py,541,0,0
kinocut_sound/receipt.py,6204,0,0
kinocut_sound/registry.py,8833,0,0
kinocut_sound/render_fingerprint.py,2453,0,0
kinocut_sound/routing.py,6547,0,0
kinocut_sound/s3_cache.py,9804,0,0
kinocut_sound/s3_fingerprint.py,7443,0,0
kinocut_sound/script_parser.py,21562,0,0
kinocut_sound/sound_config.py,6556,0,0
kinocut_sound/sound_plan.py,3258,0,0
kinocut_sound/timeline.py,3433,0,0
kinocut_sound/validation.py,1810,0,0
kinocut_sound/voice/__init__.py,3089,0,0
kinocut_sound/voice/_errors.py,2356,0,0
kinocut_sound/voice/batch.py,9283,0,0
kinocut_sound/voice/blend.py,6116,0,0
kinocut_sound/voice/clone.py,3948,0,0
kinocut_sound/voice/local_adapter.py,12111,0,0
kinocut_sound/voice/pronunciation.py,4324,0,0
kinocut_sound/voice/prosody.py,4196,0,0
kinocut_sound/voice/roster.py,7884,0,0
kinocut_sound/voice_consistency/__init__.py,2083,0,0
kinocut_sound/voice_consistency/_errors.py,1758,0,0
kinocut_sound/voice_consistency/ab_reel.py,1148,0,0
kinocut_sound/voice_consistency/d42_port.py,4239,0,0
kinocut_sound/voice_consistency/distinctiveness.py,4334,0,0
kinocut_sound/voice_consistency/drift.py,3056,0,0
kinocut_sound/voice_consistency/library.py,2791,0,0
kinocut_sound/voice_consistency/metrics.py,2078,0,0
kinocut_sound/voice_consistency/profile.py,1234,0,0
kinocut_sound/voice_consistency/regeneration.py,2092,0,0
kinocut_sound/world/__init__.py,3781,0,0
kinocut_sound/world/_errors.py,717,0,0
kinocut_sound/world/audition.py,3096,0,0
kinocut_sound/world/catalog.py,3923,0,0
kinocut_sound/world/d41_port.py,4802,0,0
kinocut_sound/world/foley.py,3372,0,0
kinocut_sound/world/layers.py,4385,0,0
kinocut_sound/world/license.py,2286,0,0
kinocut_sound/world/loop.py,3406,0,0
kinocut_sound/world/presets.py,6622,0,0
mcp_video.py,2385,0,0
mcpb/server/launcher.js,7393,0,0
mcpb/server/native-launcher.js,2869,0,0
npm/bin/kinocut.js,449,0,0
